,id,first_name,last_name,email,car_make,car_model,car_year,car_price
0,1,Kert,Kalamets,kalametskert@gmail.com,Zaporo≈æets,V70,2000,7812795.28
1,2,imre,tard,imretard@gmail.com,ford,focus,1650,795.5
2,3,Erik,Teppan,eteppan@gmail.com,lennuk,A-10 warthog,2017,9999999.99
3,4,Ameline,March,amarch3@aboutads.info,Mercury,Cougar,1991,1509417.69
4,6,Munmro,Watkiss,mwatkiss5@google.ca,Toyota,Venza,2012,4369101.0
5,7,Marjorie,Mailes,mmailes6@nps.gov,Chevrolet,Blazer,1996,3997649.06
6,8,Tobit,Gentric,tgentric7@wikipedia.org,GMC,Yukon XL 2500,2003,9585985.0
7,11,Kim,Hingeley,khingeleya@aboutads.info,Citro?n,CTS,2007,6321282.39
8,12,Perkin,Hurford,phurfordb@people.com.cn,Lotus,Elise,2008,8296136.2
9,13,Graham,Weatherley,gweatherleyc@histats.com,Chevrolet,Aveo,2011,3446444.74
10,14,Katrinka,Coniff,kconiffd@arizona.edu,GMC,Yukon,1996,9292699.0
11,16,Farrand,Girone,fgironef@g.co,GMC,Yukon XL 2500,2012,8692419.0
12,17,Kendra,Coddrington,kcoddringtong@blogs.com,Dodge,Aries,1981,8078983.0
13,18,Dot,Leander,dleanderh@rakuten.co.jp,Dodge,D250 Club,1993,3452467.71
14,19,Mattie,Matula,mmatulai@oaic.gov.au,Chevrolet,Camaro,1976,8856889.0
15,20,Hali,Element,helementj@amazon.com,Chevrolet,Astro,1995,3664756.25
16,21,Rozalie,Riha,rrihak@unesco.org,Lexus,GS,2011,2895367.04
17,22,Tonnie,Haythornthwaite,thaythornthwaitel@joomla.org,Chevrolet,Sportvan G10,1993,3734753.7
18,23,Torie,Moffat,tmoffatm@123-reg.co.uk,Lincoln,Navigator,2000,855750.03
19,24,Ric,Tate,rtaten@howstuffworks.com,Chevrolet,Caprice,1983,9729922.0
20,25,Merilee,Josskovitz,mjosskovitzo@pagesperso-orange.fr,Fiat,Nuova 500,2012,2487553.94
21,26,Carling,Colthard,ccolthardp@who.int,Suzuki,XL7,2008,6646703.0
22,27,Anjanette,Brogan,abroganq@timesonline.co.uk,Ford,E-Series,1989,3415645.67
23,28,Buiron,McGibbon,bmcgibbonr@constantcontact.com,Hyundai,Genesis Coupe,2013,9219433.0
24,29,Glynis,Gouinlock,ggouinlocks@marriott.com,GMC,Sierra 3500,2008,6841666.0
25,30,Russ,De Winton,rdewintont@vistaprint.com,Lotus,Esprit,1985,3644285.98
26,31,Marchall,Diggles,mdigglesu@nifty.com,Mitsubishi,GTO,1993,4136476.36
27,32,Meredeth,Goodridge,mgoodridgev@stumbleupon.com,Infiniti,G35,2003,1485443.0
28,33,Raymund,Bunney,rbunneyw@mail.ru,Oldsmobile,Cutlass Supreme,1996,1253393.74
29,34,Erl,De Maine,edemainex@ustream.tv,Infiniti,QX,2003,7859929.85
30,35,Maible,Wagenen,mwageneny@house.gov,Jeep,Grand Cherokee,2007,8451542.0
31,36,Sandro,Hazel,shazelz@gnu.org,Daewoo,Leganza,2002,640105.0
32,37,Darelle,Lanyon,dlanyon10@springer.com,Buick,LeSabre,1990,4632871.0
33,38,Edy,O'Regan,eoregan11@opensource.org,Chrysler,Pacifica,2008,6996209.0
34,39,Gracia,Port,gport12@ebay.com,Ford,Windstar,2000,6982807.44
35,40,Conny,Spellessy,cspellessy13@vkontakte.ru,Lamborghini,Gallardo,2004,4873330.86
36,41,Alexandr,Cornely,acornely14@bloglines.com,Ferrari,612 Scaglietti,2006,4922250.0
37,42,Stirling,Fontelles,sfontelles15@bloglines.com,Toyota,Tacoma Xtra,2002,4933249.0
38,43,Erminia,Toal,etoal16@pen.io,Mercury,Mystique,1997,3015760.46
39,44,Melisent,Romand,mromand17@altervista.org,Dodge,Viper,1994,4430460.3
40,45,Ludvig,Sheirlaw,lsheirlaw18@marketwatch.com,Dodge,Ram Van 3500,2003,6533986.0
41,46,Karim,Karlmann,kkarlmann19@paypal.com,Lexus,LS,1990,7883637.91
42,48,Cherilyn,Anthiftle,canthiftle1b@cbc.ca,Chevrolet,S10,2003,9964598.0
43,49,Bendicty,Tovey,btovey1c@deviantart.com,Volvo,V70,2010,8529900.0
44,50,Alwyn,Lagde,alagde1d@altervista.org,Toyota,Tacoma,2006,914896.45
45,51,Bronson,Matschoss,bmatschoss1e@ft.com,Mazda,Mazda6,2008,8070094.0
46,52,Joeann,Lattka,jlattka1f@auda.org.au,GMC,Vandura 1500,1994,2052283.98
47,53,Westley,Sloyan,wsloyan1g@altervista.org,Hummer,H3,2009,9040302.0
48,54,Conrado,Dockreay,cdockreay1h@reference.com,Smart,Fortwo,2012,4587800.0
49,55,Kakalina,Cristoforo,kcristoforo1i@tripod.com,Audi,A6,1996,7744645.0
50,56,Joseito,Blackaby,jblackaby1j@etsy.com,Jeep,Wrangler,2005,1286345.46
51,57,Berkley,McKeand,bmckeand1k@wikipedia.org,Nissan,Frontier,1998,4080935.0
52,58,Jessie,Keeri,jkeeri1l@creativecommons.org,BMW,3 Series,2003,2111082.91
53,59,Avrom,Ingerfield,aingerfield1m@cargocollective.com,Chevrolet,Express 2500,2011,1189781.67
54,60,Zsazsa,Adams,zadams1n@gnu.org,Ford,Windstar,2001,6105854.0
55,61,Alistair,Kropp,akropp1o@cdc.gov,Saab,900,1985,6599831.0
56,62,Melvyn,Worstall,mworstall1p@typepad.com,Nissan,Sentra,2012,3274625.37
57,63,Barnabas,Sapseed,bsapseed1q@nps.gov,Mazda,B-Series Plus,2004,5606018.0
58,64,Reynold,Mival,rmival1r@amazonaws.com,Mercury,Topaz,1991,9936669.0
59,65,Berta,Ertel,bertel1s@berkeley.edu,Volkswagen,rio,1995,548051.2
60,66,Tracey,Elfes,telfes1t@huffingtonpost.com,Chevrolet,1500,1993,7312616.18
61,67,Maynord,Tudball,mtudball1u@freewebs.com,Pontiac,LeMans,1990,3815073.79
62,68,Odille,Arnhold,oarnhold1v@icio.us,Mercury,Mountaineer,1999,9036751.0
63,69,Terence,Moulton,tmoulton1w@ft.com,Citro?n,CTS,2009,2806519.44
64,70,Wally,Cordner,wcordner1x@list-manage.com,Dodge,Viper RT/10,1995,1824619.0
65,71,Anthe,Sissens,asissens1y@instagram.com,Acura,SLX,1997,4156147.22
66,72,Garner,O'Keenan,gokeenan1z@squidoo.com,Mercedes-Benz,S-Class,1993,9396149.0
67,73,Gus,Crownshaw,gcrownshaw20@google.co.jp,Citro?n,Seville,1998,5634931.12
68,74,Pierson,MacCartney,pmaccartney21@usnews.com,GMC,Rally Wagon 3500,1994,8078003.0
69,75,Ally,Sammon,asammon22@hugedomains.com,Studebaker,Avanti,1963,8495923.0
70,76,Nicki,Hungerford,nhungerford23@skype.com,Mercedes-Benz,SL-Class,1984,2761329.12
71,77,Emelda,Brosini,ebrosini24@a8.net,Toyota,Avalon,2003,7955256.0
72,78,Nelly,Jarmain,njarmain25@creativecommons.org,Oldsmobile,Bravada,1993,1702419.26
73,79,Astra,Masden,amasden26@sogou.com,Honda,Insight,2000,7648430.55
74,80,Shanon,Hazlegrove,shazlegrove27@bluehost.com,Chevrolet,Express,2010,1209951.84
75,81,Mortie,Phelipeau,mphelipeau28@elegantthemes.com,Honda,Accord,2005,5413645.13
76,82,Lidia,Feyer,lfeyer29@hao123.com,Jaguar,XJ Series,1997,8955494.0
77,83,Catrina,Habbema,chabbema2a@chronoengine.com,Mazda,MPV,1993,6295939.0
78,84,Zarah,Enefer,zenefer2b@admin.ch,Lincoln,Navigator,1998,9379673.0
79,85,Dewie,Duthie,dduthie2c@amazon.com,Dodge,Ram Van 1500,1996,3027872.93
80,86,Lynnett,Booley,lbooley2d@delicious.com,BMW,745,2002,72328.0
81,87,Rozamond,Gerriessen,rgerriessen2e@studiopress.com,Honda,CR-V,2008,6296686.0
82,88,Lucita,Cressey,lcressey2f@reuters.com,Saturn,Sky,2007,9910439.0
83,89,Colet,Mountfort,cmountfort2g@google.com.hk,BMW,525,2001,6934601.19
84,90,Archibold,Meagher,ameagher2h@elpais.com,Ford,Fusion,2013,8325307.49
85,91,Janka,Astbery,jastbery2i@ifeng.com,Maserati,Gran Sport,2005,4842865.0
86,92,Ronica,Praundlin,rpraundlin2j@sciencedirect.com,Audi,R8,2010,7623280.0
87,93,Gerick,Hurtic,ghurtic2k@state.tx.us,Toyota,Prius,2002,9395403.0
88,94,Teodora,Gregor,tgregor2l@sciencedirect.com,Aptera,2e,2009,1053665.71
89,95,Celene,Cherry,ccherry2m@arstechnica.com,Mercedes-Benz,S-Class,1988,8000086.0
90,96,Kristien,Januszewski,kjanuszewski2n@noaa.gov,Ford,Tempo,1984,9649147.0
91,97,Levy,Domnick,ldomnick2o@adobe.com,GMC,Sierra 2500,2009,3120658.9
92,98,Johnnie,Burnsall,jburnsall2p@feedburner.com,Volkswagen,Passat,2007,7604695.54
93,99,Harlene,Yegoshin,hyegoshin2q@ebay.co.uk,Mazda,626,1989,2256808.97
94,100,Jeremiah,Deny,jdeny2r@stumbleupon.com,Mazda,Tribute,2010,2336243.81
95,101,Lyndsay,Pegram,lpegram2s@opensource.org,Nissan,Quest,1997,3594872.96
96,102,Valentijn,Ville,vville2t@wikimedia.org,Chrysler,LHS,1999,9533011.0
97,103,Ursola,Isenor,uisenor2u@newsvine.com,Mazda,626,1993,9977723.0
98,104,Faith,Matejka,fmatejka2v@bbc.co.uk,Mercury,Grand Marquis,2008,1910726.13
99,105,Tish,Damiral,tdamiral2w@google.fr,Maserati,Spyder,1989,7448349.0
100,106,Magnum,Chalke,mchalke2x@columbia.edu,Ford,Probe,1994,8572818.0
101,107,Ariela,Bentley,abentley2y@paypal.com,Corbin,Sparrow,1999,2632548.33
102,108,Cristie,Tupie,ctupie2z@altervista.org,Oldsmobile,Alero,2003,4809776.97
103,109,Mira,Rens,mrens30@techcrunch.com,Mitsubishi,3000GT,1995,8879678.0
104,110,Giffie,Silby,gsilby31@opera.com,Mazda,CX-7,2010,4857687.0
105,111,Nikolaos,Kain,nkain32@sohu.com,Mazda,626,1985,987777.06
106,112,Nikola,Geipel,ngeipel33@nifty.com,Saturn,Ion,2003,8837580.0
107,113,Alysa,Tipens,atipens34@simplemachines.org,Citro?n,XLR-V,2006,890701.16
108,114,Rocky,Fitchell,rfitchell35@cmu.edu,Chevrolet,Impala,2003,6901715.9
109,115,Debra,Archambault,darchambault36@wp.com,GMC,Savana 3500,1996,7877727.0
110,116,Sisile,Cadagan,scadagan37@t.co,Hummer,H1,2001,6766624.6
111,117,Winnie,Innott,winnott38@dropbox.com,Mazda,B-Series Plus,2003,4589866.87
112,118,Franny,Brede,fbrede39@yellowbook.com,Volkswagen,Jetta,2010,121208.72
113,119,Mary,Roll,mroll3a@elpais.com,Maserati,GranSport,2006,5156184.0
114,120,Vale,Ricoald,vricoald3b@nytimes.com,Toyota,Tacoma Xtra,2002,6818066.67
115,121,Ancell,Ianelli,aianelli3c@theglobeandmail.com,Chevrolet,Express 1500,2007,5564137.0
116,122,Antin,Auchterlonie,aauchterlonie3d@quantcast.com,BMW,5 Series,1998,2202236.0
117,123,Weylin,Gradly,wgradly3e@springer.com,GMC,Savana 1500,1998,3858329.54
118,124,Selina,Fullerd,sfullerd3f@who.int,Pontiac,Grand Prix,1972,7953518.0
119,125,Charyl,Petrovic,cpetrovic3g@devhub.com,Bugatti,Veyron,2011,9377026.0
120,126,Sandor,D'eath,sdeath3h@soup.io,Infiniti,I,1996,1662474.96
121,127,Lee,Densell,ldensell3i@a8.net,Kia,Rondo,2007,3703925.15
122,128,Blondie,Abernethy,babernethy3j@usatoday.com,Subaru,Brat,1986,3166613.0
123,129,Sondra,Franzen,sfranzen3k@about.me,Buick,Park Avenue,2003,9137137.0
124,130,Delly,Reah,dreah3l@businesswire.com,Kia,Sedona,2006,7486660.0
125,131,Cleon,Tapp,ctapp3m@last.fm,Honda,S2000,2000,5718729.27
126,132,Thomasin,Flarity,tflarity3n@unblog.fr,Ford,E150,2007,9418192.0
127,133,Dale,Karp,dkarp3o@usa.gov,Mercedes-Benz,SL-Class,1997,9830929.0
128,134,Constantia,Ilieve,cilieve3p@un.org,Suzuki,Swift,1989,712971.11
129,135,Tyrone,Matchett,tmatchett3q@themeforest.net,Mercedes-Benz,500SL,1993,581356.56
130,136,Chrissie,Endley,cendley3r@wikimedia.org,Ford,Bronco,1988,7435998.0
131,137,Kelsi,Claffey,kclaffey3s@kickstarter.com,Buick,Riviera,1998,9217059.0
132,138,Shena,Poon,spoon3t@123-reg.co.uk,Mitsubishi,Raider,2007,1117313.36
133,139,Freddi,MacSwayde,fmacswayde3u@privacy.gov.au,Nissan,Altima,2001,2428944.6
134,140,Kesley,Ryding,kryding3v@vinaora.com,GMC,Yukon XL 1500,2006,4596305.0
135,141,Mercie,Instrell,minstrell3w@nasa.gov,Aston Martin,V8 Vantage,2008,4508398.0
136,142,Tabbie,Plumb,tplumb3x@zdnet.com,Dodge,Ram Wagon B350,1992,7726352.0
137,143,Julie,Challender,jchallender3y@goo.gl,Audi,200,1989,6546822.44
138,144,Gardie,Killeley,gkilleley3z@smugmug.com,Chevrolet,Tahoe,2007,8338058.2
139,145,Nertie,Bourchier,nbourchier40@t.co,GMC,Suburban 2500,1994,5189907.0
140,146,Courtnay,Varley,cvarley41@sbwire.com,Dodge,Ram 1500,2008,5848092.6
141,147,Lissie,Mazonowicz,lmazonowicz42@ezinearticles.com,Geo,Metro,1993,8703089.0
142,148,Belvia,Abad,babad43@chron.com,Dodge,Dakota Club,2006,9728748.0
143,149,Allie,Rigglesford,arigglesford44@archive.org,Toyota,Highlander,2008,2521721.0
144,150,Suzette,Parmiter,sparmiter45@redcross.org,Land Rover,Defender 110,1993,9502074.0
145,151,Gal,Magarrell,gmagarrell46@ow.ly,Dodge,D250,1992,922355.95
146,152,Carlynn,Birtley,cbirtley47@cmu.edu,Lexus,LS,2011,7129371.98
147,153,Delmore,Pickerin,dpickerin48@marriott.com,Chevrolet,Camaro,1978,514176.14
148,154,Pearline,Jeyes,pjeyes49@google.nl,Subaru,Legacy,2005,6047458.84
149,155,Mendel,Apted,mapted4a@ibm.com,Volvo,XC90,2009,126325.76
150,156,Aristotle,Trimnell,atrimnell4b@engadget.com,Lexus,SC,1998,7680474.4
151,157,Griffie,Carrabot,gcarrabot4c@godaddy.com,Infiniti,G25,2012,1776686.66
152,158,Rhea,MacAnulty,rmacanulty4d@boston.com,MINI,Cooper Countryman,2011,95355.64
153,159,Timofei,Levine,tlevine4e@a8.net,Hyundai,Tucson,2010,1459109.45
154,160,Johnathon,Rickaert,jrickaert4f@trellian.com,Pontiac,Firefly,1986,2531557.56
155,161,Anne-corinne,Brixham,abrixham4g@1und1.de,Toyota,Sienna,1998,5273115.8
156,162,Quent,Flux,qflux4h@va.gov,Jeep,Compass,2012,4238507.0
157,163,Inger,Kuhnt,ikuhnt4i@washingtonpost.com,Mazda,RX-8,2010,9155947.0
158,164,Dolley,Masdin,dmasdin4j@pcworld.com,Kia,Optima,2001,8498138.0
159,165,Elysia,Mossom,emossom4k@last.fm,Citro?n,Fleetwood,1994,1643014.15
160,166,Zak,Nowaczyk,znowaczyk4l@homestead.com,Pontiac,Bonneville,1968,3861254.53
161,167,Allen,Stringman,astringman4m@clickbank.net,Kia,Sephia,1994,9855471.0
162,168,Corella,Isacsson,cisacsson4n@godaddy.com,Citro?n,Escalade EXT,2010,6939721.0
163,169,Theda,Rankling,trankling4o@telegraph.co.uk,Lexus,LS,2010,4119083.57
164,170,Kariotta,Comi,kcomi4p@nih.gov,Audi,A6,2000,6461800.0
165,171,Fiona,Kitcat,fkitcat4q@dropbox.com,Ford,Galaxie,1964,8408478.0
166,172,Chandra,La Rosa,clarosa4r@zimbio.com,Ford,Contour,1998,6067371.5
167,173,Benoite,Castellucci,bcastellucci4s@zimbio.com,Mitsubishi,Mighty Max Macro,1994,6461255.45
168,174,Dorolice,Vanyakin,dvanyakin4t@rediff.com,Chevrolet,Corsica,1992,5422065.0
169,175,Kippie,Comizzoli,kcomizzoli4u@oracle.com,Nissan,Pathfinder,2012,1861757.89
170,176,Christophe,Spawell,cspawell4v@jugem.jp,Mitsubishi,Sigma,1990,7085640.0
171,177,Candice,McPeck,cmcpeck4w@imgur.com,Isuzu,Ascender,2006,1297471.64
172,178,Gloriana,Paschke,gpaschke4x@unc.edu,Chevrolet,Uplander,2005,8084104.4
173,179,Rosie,Handforth,rhandforth4y@sun.com,Dodge,Caravan,2012,7460353.79
174,180,Lotta,Mustarde,lmustarde4z@adobe.com,Citro?n,Seville,2001,3475771.0
175,181,Peggi,Reame,preame50@fastcompany.com,Mitsubishi,Galant,1990,2299955.09
176,182,Conway,Pickervance,cpickervance51@nba.com,GMC,Savana 2500,2011,3978892.41
177,183,Berna,Sillis,bsillis52@canalblog.com,Ford,Crown Victoria,2007,9123303.0
178,184,Prent,Jevons,pjevons53@answers.com,Land Rover,Range Rover,1993,3724537.37
179,185,Eduino,McCrossan,emccrossan54@harvard.edu,Dodge,Ram 1500,1998,7301574.52
180,186,Belle,Brittles,bbrittles55@furl.net,Infiniti,I,1997,1106032.51
181,187,Jeramie,Teodori,jteodori56@so-net.ne.jp,Mitsubishi,Montero,1992,8538884.0
182,188,Alexander,Fishby,afishby57@unc.edu,Mercedes-Benz,300SE,1992,3081983.15
183,189,Matty,Ratazzi,mratazzi58@fotki.com,Dodge,Grand Caravan,1994,9393290.0
184,190,Carlyle,Grimwood,cgrimwood59@i2i.jp,Jeep,Liberty,2011,351721.2
185,191,Artair,Parysowna,aparysowna5a@sciencedirect.com,Scion,xB,2011,8944944.0
186,192,Arnie,Bernadot,abernadot5b@networksolutions.com,Dodge,Viper,2010,7394620.0
187,193,Riordan,Claussen,rclaussen5c@apache.org,GMC,Savana 2500,2009,9720717.0
188,194,Salim,Bastock,sbastock5d@psu.edu,Plymouth,Voyager,1999,608997.94
189,195,Sallyanne,Roderham,sroderham5e@naver.com,Nissan,Pathfinder,2001,4469256.0
190,196,Pet,Haville,phaville5f@chronoengine.com,Infiniti,FX,2004,8592048.0
191,197,Bethany,Fibbitts,bfibbitts5g@e-recht24.de,Isuzu,Rodeo,2003,6357134.0
192,198,Tracee,Kingstne,tkingstne5h@angelfire.com,Audi,80,1989,9931539.0
193,199,Therine,Fetherstone,tfetherstone5i@ovh.net,Subaru,Legacy,2003,7379606.0
194,200,Hilly,Vicioso,hvicioso5j@networkadvertising.org,Mazda,Protege,1997,6058604.0
195,201,Micah,Perham,mperham5k@narod.ru,Mazda,929,1992,2860072.71
196,202,Alysa,Brosoli,abrosoli5l@ftc.gov,Acura,Integra,1988,6920322.0
197,203,Major,Purton,mpurton5m@blogs.com,Honda,Fit,2007,3284827.42
198,204,Patrica,Olennikov,polennikov5n@booking.com,Volkswagen,Passat,2003,3275552.31
199,205,Murry,Claughton,mclaughton5o@ucla.edu,Ford,Explorer Sport Trac,2008,425413.0
200,206,Saundra,Glazzard,sglazzard5p@europa.eu,Mazda,626,1995,3436282.38
201,207,Boone,Simon,bsimon5q@google.de,Mercedes-Benz,C-Class,2003,6148225.0
202,208,Manuel,Armor,marmor5r@multiply.com,Acura,TSX,2010,7770870.79
203,209,Camille,Powderham,cpowderham5s@ehow.com,Bentley,Continental GTC,2008,6989730.68
204,210,Dido,Hartnell,dhartnell5t@microsoft.com,Mazda,Mazda5,2010,8239538.0
205,211,Booth,Prop,bprop5u@cafepress.com,Citro?n,SRX,2005,2914668.0
206,212,Mariya,Bonnick,mbonnick5v@walmart.com,Ford,Expedition,2009,9661225.0
207,213,Humphrey,Bruyntjes,hbruyntjes5w@narod.ru,Lincoln,Town Car,2005,7871642.18
208,214,Masha,Abeles,mabeles5x@yolasite.com,Kia,Carens,2009,9340160.0
209,215,Jeno,Fireman,jfireman5y@github.com,Mercedes-Benz,S-Class,1986,7142903.4
210,216,Filia,Lowers,flowers5z@cafepress.com,BMW,750,2006,153319.26
211,217,Kylynn,Bon,kbon60@yahoo.co.jp,Chevrolet,Express 1500,2008,7160581.93
212,218,Donia,Patient,dpatient61@ustream.tv,GMC,Savana 3500,2007,5792212.0
213,219,Camile,Androlli,candrolli62@china.com.cn,Mercedes-Benz,300SE,1993,2574676.68
214,220,Ivette,Pecht,ipecht63@army.mil,Lincoln,Town Car,1984,5588055.57
215,221,Aline,Kaufman,akaufman64@cyberchimps.com,Hyundai,Elantra,2008,7114080.0
216,222,Agata,Lapslie,alapslie65@hibu.com,Chrysler,Pacifica,2006,8236523.57
217,223,Antoinette,Mowatt,amowatt66@miibeian.gov.cn,Volvo,XC70,2004,4586742.49
218,224,Allison,Campling,acampling67@psu.edu,Lotus,Esprit,1986,9695700.0
219,225,Vasili,Fearn,vfearn68@admin.ch,Jensen,Interceptor,1966,1561355.76
220,226,Erma,Chopin,echopin69@kickstarter.com,Ford,E350,2010,679105.2
221,227,Trudi,Setterthwait,tsetterthwait6a@digg.com,GMC,Canyon,2004,2008375.0
222,228,Cathie,Mitchel,cmitchel6b@hubpages.com,Mazda,Protege5,2003,3129933.31
223,229,Carroll,Gulleford,cgulleford6c@bbc.co.uk,Infiniti,I,2004,3135785.02
224,230,Biddie,Kyrkeman,bkyrkeman6d@mysql.com,Buick,Skylark,1986,9067472.0
225,231,Patrizio,Greswell,pgreswell6e@dion.ne.jp,Subaru,Legacy,1996,8745558.0
226,232,Sarita,Caltun,scaltun6f@symantec.com,Mitsubishi,Galant,1994,894951.52
227,233,Karmen,Arrell,karrell6g@kickstarter.com,Nissan,Sentra,2008,1111494.22
228,234,Ginni,Elmar,gelmar6h@google.cn,Chevrolet,Silverado 3500,2010,5498229.0
229,235,Corrina,Domico,cdomico6i@nytimes.com,Lincoln,Continental,1992,989420.79
230,236,Cesare,McCathay,cmccathay6j@google.com.hk,Hyundai,Santa Fe,2001,2290042.0
231,237,Dorthea,Varker,dvarker6k@phoca.cz,Volkswagen,Jetta,1996,3012531.0
232,238,Ralina,Hay,rhay6l@bravesites.com,Oldsmobile,98,1996,7677471.0
233,239,Templeton,Sadat,tsadat6m@ow.ly,Toyota,Tacoma Xtra,1998,1796106.16
234,240,Tessi,Troubridge,ttroubridge6n@patch.com,Mercedes-Benz,S-Class,2003,6251497.8
235,241,Fabiano,Jewes,fjewes6o@yahoo.co.jp,Kia,Sedona,2010,9618373.0
236,242,Pablo,Jantzen,pjantzen6p@facebook.com,Lincoln,Navigator L,2007,858666.09
237,243,Aviva,Yesenev,ayesenev6q@washingtonpost.com,Ford,Taurus,2008,4307885.36
238,244,Cullen,Hawney,chawney6r@google.pl,Lincoln,Town Car,2007,199269.98
239,245,Laurena,Simoncini,lsimoncini6s@weibo.com,Ford,Mustang,2001,1499580.85
240,246,Philippa,Lemmen,plemmen6t@washington.edu,Dodge,Viper RT/10,1993,6884274.71
241,247,Camila,Gatling,cgatling6u@google.com,Plymouth,Roadrunner,1969,4342202.88
242,248,Goddart,Verbeek,gverbeek6v@tripod.com,Mercedes-Benz,M-Class,2002,6177641.09
243,249,Etty,Ready,eready6w@github.io,Kia,Sephia,1997,3917274.0
244,250,Gabriell,Seeks,gseeks6x@youtu.be,Jaguar,XK Series,2005,7448846.85
245,251,Meriel,Webley,mwebley6y@pbs.org,Tesla,Roadster,2012,8346132.17
246,252,Jo,Goldbourn,jgoldbourn6z@unc.edu,Ford,Windstar,1998,6961299.07
247,253,Bartolemo,Dyball,bdyball70@stumbleupon.com,Volvo,V70,2005,8187930.48
248,254,Hunt,Caveau,hcaveau71@ameblo.jp,Mercury,Topaz,1993,8551730.0
249,255,Franklyn,Lumley,flumley72@bloglovin.com,Isuzu,Hombre,2000,4034839.78
250,256,Ginnifer,Bunnell,gbunnell73@senate.gov,Hummer,H1,2006,8742914.0
251,257,Madella,Nornasell,mnornasell74@ovh.net,Nissan,Sentra,2012,7880198.39
252,258,Sada,Greeding,sgreeding75@ft.com,Infiniti,G37,2009,6480168.48
253,259,Idelle,Petriello,ipetriello76@reverbnation.com,Mercury,Villager,1998,1279126.0
254,260,Gabby,Zanicchelli,gzanicchelli77@tripod.com,Mitsubishi,Truck,1985,1489864.12
255,261,Welch,Verity,wverity78@opensource.org,Mercury,Grand Marquis,2006,9727402.0
256,262,Gottfried,Folca,gfolca79@icio.us,Toyota,Celica,1999,6977833.75
257,263,Valerye,Olligan,volligan7a@marketwatch.com,BMW,X6,2011,663232.13
258,264,Costa,Darragh,cdarragh7b@usgs.gov,GMC,Sierra 2500,2007,8102038.89
259,265,Christian,Dutt,cdutt7c@go.com,Dodge,Ram 1500,2002,5014258.38
260,266,Lenore,Nasey,lnasey7d@dedecms.com,Lexus,ES,1989,7347630.48
261,267,Loralee,Al Hirsi,lalhirsi7e@oaic.gov.au,Dodge,Intrepid,1998,1738774.07
262,268,Maximo,Twentyman,mtwentyman7f@nifty.com,Isuzu,Amigo,1999,9760997.0
263,269,Herb,Petyakov,hpetyakov7g@live.com,GMC,Suburban 2500,1999,9840686.0
264,270,Ralf,Prigg,rprigg7h@4shared.com,Mazda,CX-7,2011,9176621.0
265,271,Tammy,Hassewell,thassewell7i@addtoany.com,Chevrolet,Impala,2012,8815104.0
266,272,Julian,Panting,jpanting7j@symantec.com,Lexus,SC,1992,8562666.0
267,273,Marshal,Labet,mlabet7k@privacy.gov.au,Nissan,GT-R,2011,6682870.96
268,274,Sylvia,Cram,scram7l@google.ca,Subaru,Legacy,2005,1329456.94
269,275,Lian,Flay,lflay7m@ning.com,Lotus,Esprit,1994,2131264.72
270,276,Shaylah,Pioli,spioli7n@freewebs.com,Chevrolet,Silverado 2500,2006,2758328.53
271,277,Dona,Auton,dauton7o@desdev.cn,Pontiac,Grand Prix,1994,5627827.13
272,278,Corey,Gookey,cgookey7p@amazon.com,Honda,Odyssey,2007,3999867.03
273,279,Iorgos,Bemrose,ibemrose7q@slashdot.org,Ford,Thunderbird,1992,4334431.61
274,280,Duff,MacNeilley,dmacneilley7r@vkontakte.ru,Mercedes-Benz,Sprinter,2011,6603231.0
275,281,Jerry,Starkey,jstarkey7s@barnesandnoble.com,Chevrolet,Malibu,2007,9603628.0
276,282,Marnia,Garrie,mgarrie7t@blogs.com,Land Rover,Freelander,2003,1118270.26
277,283,Caril,Sucre,csucre7u@foxnews.com,Mercedes-Benz,M-Class,2004,938145.8
278,284,Shena,Tollett,stollett7v@berkeley.edu,Toyota,Xtra,1993,8436857.0
279,285,Jordan,McAviy,jmcaviy7w@studiopress.com,Ford,Explorer Sport Trac,2001,4273852.43
280,286,Juliet,Deinhardt,jdeinhardt7x@google.co.jp,Buick,Regal,1989,7253258.0
281,287,Matthew,Grissett,mgrissett7y@timesonline.co.uk,Oldsmobile,Intrigue,2000,105865.83
282,288,Brucie,Hackett,bhackett7z@fotki.com,MINI,Clubman,2010,6882167.0
283,289,Arni,Eberts,aeberts80@usatoday.com,Ford,Aerostar,1997,7049978.0
284,290,Sadye,Leal,sleal81@imageshack.us,Chevrolet,S10,1999,5245090.0
285,291,Fowler,Pringell,fpringell82@ucoz.com,Suzuki,XL-7,2007,6073675.0
286,292,Kial,Barlee,kbarlee83@youtu.be,Toyota,Corolla,2004,9599141.0
287,293,Tyler,McClintock,tmcclintock84@europa.eu,Chrysler,Voyager,2003,1529561.79
288,294,Sharity,Mitchenson,smitchenson85@buzzfeed.com,Ford,F350,1997,5351230.0
289,295,Gavra,Degue,gdegue86@webmd.com,Mercury,Topaz,1991,1539788.0
290,296,Sayre,Berrick,sberrick87@weather.com,Chrysler,Pacifica,2005,5967850.0
291,297,Waylon,Gumb,wgumb88@mediafire.com,Lamborghini,Diablo,1997,2997353.77
292,298,Dunn,Statton,dstatton89@techcrunch.com,Chevrolet,Suburban 1500,1997,6199625.59
293,299,Sherilyn,Zorzini,szorzini8a@macromedia.com,Toyota,Tacoma,1996,1492219.9
294,300,Larissa,Oldham,loldham8b@desdev.cn,Hyundai,Accent,2007,335779.68
295,301,Greta,Luscott,gluscott8c@lycos.com,Pontiac,Aztek,2003,1713760.12
296,302,Mervin,Harbinson,mharbinson8d@census.gov,Chevrolet,G-Series G30,1994,8965187.0
297,303,Nathanial,Vedyashkin,nvedyashkin8e@zdnet.com,Toyota,4Runner,2004,5235513.17
298,304,Debby,Adolf,dadolf8f@army.mil,Chevrolet,G-Series G30,1993,492569.95
299,305,Melanie,Dumbare,mdumbare8g@vinaora.com,Bentley,Continental GT,2007,3112702.0
300,306,Camey,Dregan,cdregan8h@wikia.com,Honda,Ridgeline,2007,7867839.62
301,307,Eleen,Geleman,egeleman8i@marketwatch.com,Mercedes-Benz,E-Class,2004,6959688.0
302,308,Otha,Berrane,oberrane8j@bigcartel.com,Dodge,Aries,1981,9135693.0
303,309,Kellby,Crush,kcrush8k@craigslist.org,Mitsubishi,Endeavor,2005,5240828.0
304,310,Dorey,Hasnip,dhasnip8l@buzzfeed.com,Toyota,Camry,1993,5209712.0
305,311,Sigismund,Grice,sgrice8m@xing.com,Chrysler,Voyager,2003,7956594.0
306,312,Eveleen,Browne,ebrowne8n@goo.gl,Ford,Taurus,1990,3281606.0
307,313,Mildred,Bohan,mbohan8o@examiner.com,Saab,900,1993,6272516.38
308,314,Annetta,Pickston,apickston8p@berkeley.edu,Nissan,240SX,1993,9802862.0
309,315,Suzie,Bareham,sbareham8q@issuu.com,Land Rover,Defender,1995,5456472.8
310,316,Marmaduke,Oubridge,moubridge8r@xrea.com,Lexus,CT,2011,2954832.73
311,317,Carlee,Kerry,ckerry8s@epa.gov,BMW,X5,2012,5635856.0
312,318,Hilary,Stoaks,hstoaks8t@newyorker.com,GMC,Yukon,2002,7432456.0
313,319,Guglielmo,Colman,gcolman8u@theatlantic.com,Maybach,57,2010,4539152.0
314,320,Vincenz,Taillant,vtaillant8v@com.com,Volkswagen,Jetta,1990,1847896.91
315,321,Lenard,Matevosian,lmatevosian8w@vistaprint.com,Porsche,Cayman,2009,6466755.0
316,322,Velvet,Epple,vepple8x@cbslocal.com,Volkswagen,Fox,1993,8488188.0
317,323,Roxy,Farnfield,rfarnfield8y@posterous.com,Plymouth,Grand Voyager,1995,2008201.0
318,324,Aveline,Martygin,amartygin8z@gmpg.org,Mitsubishi,Chariot,1988,9724946.0
319,325,Brendin,Carhart,bcarhart90@dion.ne.jp,Chevrolet,2500,1993,1263243.94
320,326,Calhoun,Bruford,cbruford91@washington.edu,Buick,LeSabre,1987,7117970.0
321,327,Philippe,Luno,pluno92@wikipedia.org,Geo,Prizm,1997,6400229.41
322,328,Gardner,Augie,gaugie93@adobe.com,Mercedes-Benz,SLK55 AMG,2009,9421398.0
323,329,Anetta,Tickner,atickner94@cmu.edu,Porsche,928,1989,6367643.0
324,330,Midge,Caton,mcaton95@gmpg.org,Buick,Regal,1985,9084300.0
325,331,Verina,Puleque,vpuleque96@jugem.jp,Kia,Rio,2007,2372221.85
326,332,Nikolaos,Skoof,nskoof97@domainmarket.com,Chrysler,300,2011,4306168.9
327,333,Mayor,Doiley,mdoiley98@prlog.org,Subaru,Tribeca,2011,7388505.0
328,334,Stephanus,Terbrugge,sterbrugge99@ovh.net,Chevrolet,Silverado 1500,2008,9574320.0
329,335,Timofei,Rattenberie,trattenberie9a@ezinearticles.com,Kia,Spectra5,2006,3891234.0
330,336,Bamby,Robison,brobison9b@51.la,Hyundai,Entourage,2009,9394101.0
331,337,Antoni,Dalwood,adalwood9c@epa.gov,Toyota,Tacoma,2007,7760592.54
332,338,Rycca,Dimock,rdimock9d@yolasite.com,Mitsubishi,Eclipse,2010,6518873.0
333,339,Durante,Beedom,dbeedom9e@yahoo.com,Rolls-Royce,Phantom,2008,8915443.0
334,340,Larine,Kermit,lkermit9f@github.com,Mitsubishi,Lancer,2003,7376882.0
335,341,Artie,Pendrill,apendrill9g@about.me,Chevrolet,Blazer,1995,8947789.0
336,342,Seward,Tynnan,stynnan9h@craigslist.org,BMW,X6 M,2012,2184598.64
337,343,Heath,Cheesley,hcheesley9i@google.it,Maserati,Quattroporte,2012,693019.36
338,344,Gussi,Elderbrant,gelderbrant9j@forbes.com,Subaru,BRZ,2013,7879351.94
339,345,Say,Fassman,sfassman9k@blinklist.com,Lotus,Elise,2011,8642033.0
340,346,Kary,Gerrietz,kgerrietz9l@msn.com,Lexus,ES,2011,6841346.21
341,347,Melody,Wheeliker,mwheeliker9m@storify.com,Mercury,Grand Marquis,1995,3874159.5
342,348,Jaime,Olsson,jolsson9n@theatlantic.com,Pontiac,Sunfire,1997,8123386.0
343,349,Adolphus,Scruton,ascruton9o@cpanel.net,Saturn,VUE,2008,1601767.3
344,350,Kelby,Gothrup,kgothrup9p@cdbaby.com,Alfa Romeo,164,1992,7131621.08
345,351,Melly,Lipprose,mlipprose9q@yahoo.co.jp,Pontiac,Grand Prix,1998,4007505.49
346,352,Coop,Grimsdell,cgrimsdell9r@wikipedia.org,Mazda,MPV,2000,116887.91
347,353,Darius,Cussons,dcussons9s@ucsd.edu,Acura,SLX,1997,5793704.0
348,354,Garvin,Maria,gmaria9t@marriott.com,Volkswagen,Tiguan,2009,9990935.0
349,355,Cleve,Wedlake,cwedlake9u@twitpic.com,Ford,Econoline E350,1996,9733747.0
350,356,Melosa,Paladino,mpaladino9v@icq.com,Hyundai,Elantra,2008,6153012.0
351,357,Regine,Ninnoli,rninnoli9w@spotify.com,Mitsubishi,RVR,1993,773837.34
352,358,Adriaens,Robjents,arobjents9x@wix.com,Aptera,Type-1h,2010,5144316.94
353,359,Thekla,Farans,tfarans9y@woothemes.com,Aston Martin,Vanquish S,2006,8251255.0
354,360,Vin,Dalloway,vdalloway9z@hibu.com,Ford,F150,2001,8362548.0
355,361,Elbert,Phlippsen,ephlippsena0@live.com,Toyota,Corolla,1995,2709339.91
356,362,Clari,Derkes,cderkesa1@wikimedia.org,Audi,A4,2006,76637.05
357,363,Hanna,Frier,hfriera2@mapquest.com,Toyota,Camry,1999,1573173.0
358,364,Clement,Tomasino,ctomasinoa3@msn.com,Dodge,Ram 2500,2002,8107024.0
359,365,Bailey,Haxley,bhaxleya4@umich.edu,Hummer,H1,1994,5288495.63
360,366,Lennard,Doumerque,ldoumerquea5@webnode.com,Nissan,Sentra,2009,4401326.0
361,367,Grange,Cutler,gcutlera6@mac.com,Mercedes-Benz,W201,1985,6548218.0
362,368,Weber,Maffulli,wmaffullia7@facebook.com,Ford,Escort,1984,5090471.06
363,369,Laverna,Fairn,lfairna8@nymag.com,Dodge,Dakota,2011,9427804.0
364,370,Peggy,Maltby,pmaltbya9@themeforest.net,Saturn,Outlook,2007,6537300.03
365,371,Emilee,Cregin,ecreginaa@hexun.com,Saab,9000,1989,8206404.77
366,372,Raeann,Foyster,rfoysterab@tuttocitta.it,Dodge,Dakota,2007,1113660.3
367,373,Thalia,Caccavari,tcaccavariac@columbia.edu,Isuzu,Trooper,1994,3986594.0
368,374,Genvieve,Jagger,gjaggerad@reverbnation.com,Mercury,Grand Marquis,1991,4155275.0
369,375,Ardith,Kemsley,akemsleyae@goodreads.com,Citro?n,DTS,2009,4879426.95
370,376,Cinderella,Meric,cmericaf@tmall.com,Mercury,Lynx,1984,1137669.21
371,377,Bruis,Bomfield,bbomfieldag@baidu.com,Citro?n,CTS,2009,5459840.03
372,378,Kelci,Alexandersson,kalexanderssonah@netlog.com,Nissan,240SX,1992,2343972.61
373,379,Chelsae,Morgan,cmorganai@theglobeandmail.com,Ford,Aerostar,1988,8123752.0
374,380,Bliss,Ruffles,brufflesaj@usnews.com,Chevrolet,Avalanche,2009,5543236.0
375,381,Inge,Hallward,ihallwardak@buzzfeed.com,Honda,Civic,2003,7389177.59
376,382,Lauri,Arendt,larendtal@nifty.com,Ford,Tempo,1994,695803.9
377,383,Brucie,McElmurray,bmcelmurrayam@google.co.jp,Dodge,Ram Van 1500,1999,8926617.0
378,384,Gene,Primett,gprimettan@ow.ly,Mitsubishi,i-MiEV,2012,8714529.0
379,385,Carolynn,Winstone,cwinstoneao@cyberchimps.com,Chevrolet,G-Series G30,1994,3374531.0
380,386,Nita,Krout,nkroutap@wufoo.com,BMW,7 Series,2010,4418072.0
381,387,Alfredo,Staunton,astauntonaq@digg.com,Hyundai,Scoupe,1993,9360260.0
382,388,Cort,Bayford,cbayfordar@usnews.com,Chevrolet,Suburban 2500,2011,7398857.08
383,389,Vanna,Kingett,vkingettas@google.co.uk,Mercedes-Benz,E-Class,2002,4481152.0
384,390,Nicola,Kropp,nkroppat@fda.gov,Dodge,Ram 2500,1996,8263043.22
385,391,Kyle,Meldon,kmeldonau@weather.com,Subaru,Loyale,1990,9920612.0
386,392,Batsheva,Gibbon,bgibbonav@ed.gov,Citro?n,SRX,2005,34643.11
387,393,Alisha,Romeuf,aromeufaw@utexas.edu,Toyota,Land Cruiser,1996,4295380.0
388,394,Dare,Alejandre,dalejandreax@jigsy.com,Audi,A6,1998,8214882.0
389,395,Winthrop,Woodage,wwoodageay@unicef.org,Volkswagen,Passat,2012,8326994.0
390,396,Glori,Lindsley,glindsleyaz@omniture.com,Lexus,SC,1998,8548265.0
391,397,Adara,Bowra,abowrab0@accuweather.com,Nissan,Sentra,1994,8240911.0
392,398,Ivar,Fetter,ifetterb1@about.me,Toyota,Tercel,1993,4480603.0
393,399,Amalle,Giacomazzo,agiacomazzob2@taobao.com,Lincoln,Navigator,2012,7987200.06
394,400,Thain,Spoward,tspowardb3@who.int,Chevrolet,Citation,1980,7890259.83
395,401,Claudetta,Kohrs,ckohrsb4@technorati.com,Hyundai,Tiburon,2003,7755751.61
396,402,Olva,Issett,oissettb5@ameblo.jp,Mazda,Protege,1993,5759084.0
397,403,Earle,Goodin,egoodinb6@issuu.com,Audi,A4,2007,1219306.97
398,404,Adel,Skews,askewsb7@canalblog.com,Mercedes-Benz,600SL,1993,6154094.85
399,405,Elspeth,Clyma,eclymab8@goodreads.com,Chevrolet,Suburban 2500,1994,9833629.0
400,406,Dana,Liverock,dliverockb9@livejournal.com,Volkswagen,Passat,1999,1806785.4
401,407,Nissie,Valde,nvaldeba@ameblo.jp,Oldsmobile,Cutlass Supreme,1997,3928944.06
402,408,Flss,Klimek,fklimekbb@altervista.org,Dodge,Ram Van 1500,1995,8952588.0
403,409,Amil,Odeson,aodesonbc@yolasite.com,Nissan,Maxima,2000,3326515.95
404,410,Avie,Pavlasek,apavlasekbd@techcrunch.com,Chevrolet,Aveo,2007,6552575.0
405,411,Carole,Capaldi,ccapaldibe@blogspot.com,Toyota,Corolla,2006,9076070.0
406,412,Jeannine,Chinnock,jchinnockbf@bbb.org,Lexus,ES,1994,757787.34
407,413,Roberta,Courvert,rcourvertbg@1688.com,Toyota,Corolla,1994,4820870.0
408,414,Anne-corinne,Axford,aaxfordbh@yellowbook.com,Lexus,GS,2002,1628622.05
409,415,Clare,Tong,ctongbi@wordpress.org,Nissan,Sentra,2006,1159175.89
410,416,Richie,Gossling,rgosslingbj@psu.edu,Subaru,Alcyone SVX,1996,4457399.0
411,417,Taryn,McGennis,tmcgennisbk@studiopress.com,Ford,LTD Crown Victoria,1986,7719309.62
412,418,Wilow,Crumbleholme,wcrumbleholmebl@accuweather.com,Toyota,Celica,1993,7099837.39
413,419,Maurine,Hendrichs,mhendrichsbm@clickbank.net,Chevrolet,Volt,2011,413885.0
414,420,Fredi,Woodstock,fwoodstockbn@fema.gov,Mitsubishi,Mighty Max,1996,3508232.02
415,421,Meade,Sayer,msayerbo@ftc.gov,Hyundai,Tucson,2007,6295208.0
416,422,Barnaby,Babar,bbabarbp@newsvine.com,GMC,Suburban 1500,1993,7317510.91
417,423,York,Zimmer,yzimmerbq@bloglovin.com,Toyota,Avalon,1997,2103478.0
418,424,Tonye,Joddins,tjoddinsbr@sciencedaily.com,Dodge,Viper,1996,3784114.69
419,425,Adolphe,Rounsefull,arounsefullbs@newyorker.com,Dodge,Ram 1500,1996,9440042.0
420,426,Ernesta,Andryszczak,eandryszczakbt@a8.net,Audi,90,1989,3328557.45
421,427,Joly,Patkin,jpatkinbu@java.com,Subaru,Brat,1987,9212477.0
422,428,Audy,Jeenes,ajeenesbv@mail.ru,Toyota,4Runner,1995,5976033.0
423,429,Stanfield,Bascombe,sbascombebw@archive.org,Acura,RL,2007,6964330.53
424,430,Maudie,Bleaden,mbleadenbx@census.gov,Ford,F350,2010,3263828.0
425,431,Roldan,Duckerin,rduckerinby@scribd.com,Toyota,MR2,2002,9044596.0
426,432,Salomo,Jaskowicz,sjaskowiczbz@sina.com.cn,Kia,Sedona,2011,4971023.0
427,433,Thomas,Stobbes,tstobbesc0@tinypic.com,Volkswagen,New Beetle,2008,5526701.0
428,434,Bay,Cholton,bcholtonc1@mtv.com,Chevrolet,Equinox,2006,1376400.27
429,435,Hazel,Yewen,hyewenc2@usnews.com,Citro?n,Seville,1994,4451969.0
430,436,Donella,Blastock,dblastockc3@yandex.ru,Mitsubishi,Pajero,1991,692304.09
431,437,Nadean,Bussel,nbusselc4@sakura.ne.jp,Honda,Accord,1990,1500709.38
432,438,Byran,Gatus,bgatusc5@nba.com,Volvo,S80,2006,3386114.03
433,439,Devon,Khoter,dkhoterc6@omniture.com,GMC,3500 Club Coupe,1996,9511249.0
434,440,Wendie,Bills,wbillsc7@va.gov,Plymouth,Breeze,1997,4303232.0
435,441,Hillie,Hullin,hhullinc8@ftc.gov,Smart,Fortwo,2009,7397980.44
436,442,Olia,Gillfillan,ogillfillanc9@ameblo.jp,Ford,E-Series,1996,7381282.38
437,443,Bruce,Frye,bfryeca@noaa.gov,Lotus,Exige,2004,7922277.0
438,444,Coleen,McGlynn,cmcglynncb@last.fm,Mercury,Mountaineer,2009,7690774.64
439,445,Jan,Egdal,jegdalcc@qq.com,Nissan,Altima,2011,6579113.0
440,446,Rafe,Ghost,rghostcd@abc.net.au,Lexus,LX,1996,5950980.83
441,447,Heda,Lang,hlangce@zimbio.com,Ford,Ranger,2002,4976940.0
442,448,Jackquelin,Samme,jsammecf@npr.org,Lotus,Esprit,1985,902558.7
443,449,Hercule,Eliasson,heliassoncg@ustream.tv,Chevrolet,Monte Carlo,2002,739375.91
444,450,Minnie,Angus,mangusch@admin.ch,Honda,Prelude,1997,4071313.46
445,451,Dionis,Kitto,dkittoci@foxnews.com,Infiniti,FX,2011,4364585.0
446,452,Hope,Bragge,hbraggecj@sourceforge.net,BMW,3 Series,1992,8149906.68
447,453,Ewan,Haxby,ehaxbyck@prnewswire.com,Volvo,C70,2009,3938979.32
448,454,Lorenza,Downing,ldowningcl@php.net,Ford,Club Wagon,1998,8190629.75
449,455,Adaline,O'Leahy,aoleahycm@clickbank.net,Mercedes-Benz,CLK-Class,2002,5910867.24
450,456,Jerrylee,Elcum,jelcumcn@forbes.com,Dodge,Avenger,1995,7905317.0
451,457,Tedd,Beardsdale,tbeardsdaleco@cafepress.com,Corbin,Sparrow,1999,1782701.97
452,458,Sibby,Stait,sstaitcp@un.org,Ford,Focus,2005,3437902.4
453,459,Therine,Nesey,tneseycq@domainmarket.com,Land Rover,Range Rover Evoque,2012,9141434.0
454,460,Ingrid,Kunath,ikunathcr@ehow.com,Honda,Insight,2003,134197.22
455,461,Brion,Fairclough,bfaircloughcs@springer.com,Lexus,ES,2006,143726.83
456,462,Malinda,Sawdon,msawdonct@japanpost.jp,Mazda,Tribute,2008,8392585.0
457,463,Curr,Speddin,cspeddincu@fc2.com,Mitsubishi,GTO,1999,7186806.0
458,464,Courtney,MacGaughey,cmacgaugheycv@php.net,Dodge,Journey,2011,3350915.9
459,465,Noak,Deeney,ndeeneycw@instagram.com,Chevrolet,G-Series G30,1992,5428063.49
460,466,Erhard,Bruneau,ebruneaucx@mashable.com,Volvo,C70,2010,5325966.0
461,467,Bettye,Hurrell,bhurrellcy@acquirethisname.com,Subaru,Legacy,1993,6988788.0
462,468,Alwin,Giacomazzo,agiacomazzocz@vistaprint.com,Lotus,Exige,2006,3809617.77
463,469,Bronnie,Dutton,bduttond0@ning.com,Mercury,Cougar,1987,962309.17
464,470,Aime,Tanswill,atanswilld1@howstuffworks.com,Isuzu,Space,1992,6549905.4
465,471,Thorstein,Baughan,tbaughand2@google.com.hk,Chrysler,Pacifica,2005,7219714.0
466,472,Tammie,MacKeller,tmackellerd3@example.com,Chevrolet,Corvette,2008,442400.26
467,473,Mikol,Gorey,mgoreyd4@live.com,Chevrolet,Express 1500,1998,7641336.0
468,474,Brad,Ralls,brallsd5@mac.com,GMC,Terrain,2010,5915995.31
469,475,Christophorus,Limbert,climbertd6@edublogs.org,Ford,F-Series Super Duty,2009,7725885.0
470,476,Kata,O'Collopy,kocollopyd7@e-recht24.de,Honda,Prelude,1985,1091576.92
471,477,Flory,De Brett,fdebrettd8@smh.com.au,Ford,Explorer,1998,4908941.0
472,478,Ninnette,Schubart,nschubartd9@google.com.hk,Ford,Explorer,2001,2362222.94
473,479,Staford,Beavors,sbeavorsda@themeforest.net,Mercedes-Benz,E-Class,2006,4258810.65
474,480,Gisele,Clowes,gclowesdb@posterous.com,Buick,Century,2001,3929968.09
475,481,Fiorenze,Robey,frobeydc@livejournal.com,Saab,9-5,1999,2189362.0
476,482,Priscella,Lyokhin,plyokhindd@nbcnews.com,BMW,X6,2011,3024638.12
477,483,Elbertina,Matteau,ematteaude@ask.com,Mitsubishi,Truck,1986,9959467.0
478,484,Eustacia,Filip,efilipdf@ca.gov,Maserati,Karif,1990,1343154.86
479,485,Taber,Kennedy,tkennedydg@diigo.com,Chevrolet,Silverado 2500,2005,9583184.0
480,486,Seth,Matyushonok,smatyushonokdh@wikia.com,Mercedes-Benz,E-Class,1990,1240582.72
481,487,Jacquie,Lawrenceson,jlawrencesondi@independent.co.uk,Mercedes-Benz,SLK-Class,2012,1033983.92
482,488,Archaimbaud,McIlheran,amcilherandj@technorati.com,Buick,Century,1994,1467737.81
483,489,Indira,Philip,iphilipdk@weibo.com,Honda,Accord,2012,5491665.0
484,490,Waylen,Wroth,wwrothdl@sun.com,Chevrolet,Camaro,1971,3724653.95
485,491,Jelene,Saffell,jsaffelldm@linkedin.com,Land Rover,Freelander,2011,1111686.52
486,492,Torin,Seawell,tseawelldn@slashdot.org,Isuzu,Rodeo,1999,4703724.76
487,493,Florida,Turnell,fturnelldo@squarespace.com,Dodge,Ram Van 1500,1999,2745464.76
488,494,Ennis,Minister,eministerdp@surveymonkey.com,Volkswagen,Phaeton,2006,1049149.42
489,495,Lynn,Bargery,lbargerydq@go.com,Mitsubishi,Endeavor,2007,6062759.04
490,496,Fons,Mahy,fmahydr@yandex.ru,Mercedes-Benz,M-Class,2009,6165174.0
491,497,Monro,Raftery,mrafteryds@netvibes.com,Buick,LeSabre,1999,7403199.42
492,498,Norine,Paske,npaskedt@arstechnica.com,Pontiac,Torrent,2007,8347332.0
493,499,Celestina,De Carlo,cdecarlodu@posterous.com,Mitsubishi,Pajero,2003,2004384.07
494,500,Matelda,Coathup,mcoathupdv@123-reg.co.uk,Ford,Excursion,2002,1872278.94
495,501,Verena,Bockin,vbockindw@omniture.com,Maserati,Quattroporte,2011,562155.98
496,502,Daria,Peppard,dpepparddx@mtv.com,Ford,Transit Connect,2011,2252709.69
497,503,Peggie,Amiable,pamiabledy@tinypic.com,Volvo,S60,2006,6687270.0
498,504,Lammond,Moughton,lmoughtondz@sakura.ne.jp,Lamborghini,Countach,1989,7151204.83
499,505,Ingaberg,McIntosh,imcintoshe0@mayoclinic.com,Nissan,Pathfinder,2005,2526824.07
500,506,Abby,Divisek,adiviseke1@gnu.org,Suzuki,SJ,1985,3735204.57
501,507,Nicola,Pietersma,npietersmae2@google.it,GMC,Savana 2500,2008,6594257.13
502,508,Belinda,Connett,bconnette3@ucoz.com,Porsche,944,1989,9121569.0
503,509,Raquela,Pycock,rpycocke4@europa.eu,Hyundai,Tucson,2005,6999919.87
504,510,Niki,Crennan,ncrennane5@drupal.org,Subaru,Outback,2011,3154933.0
505,511,Josey,Guppy,jguppye6@irs.gov,Land Rover,Discovery Series II,1999,2152889.74
506,512,Mathew,Dollard,mdollarde7@amazonaws.com,Toyota,Avalon,2005,1368875.0
507,513,Ruby,Haylands,rhaylandse8@ftc.gov,Porsche,911,1991,4145562.0
508,514,Tory,Konzel,tkonzele9@yellowbook.com,Chevrolet,Corvette,1975,5512950.69
509,515,Lavena,Pendrey,lpendreyea@mit.edu,Buick,Park Avenue,1992,2125700.31
510,516,Niccolo,Crouse,ncrouseeb@phoca.cz,Ferrari,California,2009,3984495.16
511,517,Vere,Dyball,vdyballec@yandex.ru,Jaguar,X-Type,2005,6226468.83
512,518,Francisco,Waszczykowski,fwaszczykowskied@addthis.com,Ford,Windstar,1997,3367032.27
513,519,Darb,Fischer,dfischeree@census.gov,BMW,8 Series,1996,4177724.99
514,520,Fremont,Sarton,fsartonef@dropbox.com,Audi,R8,2008,3330171.71
515,521,Ford,Stevens,fstevenseg@github.com,Plymouth,Breeze,1997,6271095.0
516,522,Simmonds,Kilbey,skilbeyeh@nytimes.com,Saab,9-3,2012,9264877.0
517,523,Kym,Hannaway,khannawayei@nhs.uk,Audi,TT,2012,3537994.84
518,524,Cristine,Orrom,corromej@ibm.com,Citro?n,CTS,2012,8143222.28
519,525,Suellen,Watting,swattingek@nytimes.com,Buick,Riviera,1997,2157758.56
520,526,Katlin,Gould,kgouldel@mac.com,Chevrolet,Express 3500,2005,8202784.88
521,527,Sallyann,Oseman,sosemanem@51.la,Mercury,Cougar,1992,1085419.26
522,528,Mannie,Buswell,mbuswellen@xrea.com,Nissan,Altima,2006,9828845.0
523,529,Erhard,Leibold,eleiboldeo@google.com,Dodge,Viper,2005,1936043.0
524,530,Harv,McGougan,hmcgouganep@google.com.au,Toyota,Echo,2005,5454428.0
525,531,Uri,McLise,umcliseeq@indiegogo.com,Acura,ZDX,2012,1741126.0
526,532,Alida,Wiltshire,awiltshireer@skype.com,Mercedes-Benz,SL-Class,1994,8956034.0
527,533,Earl,Poultney,epoultneyes@google.co.jp,Porsche,928,1986,9642390.0
528,534,Lyndell,Belle,lbelleet@vk.com,Chevrolet,3500,1994,6745824.39
529,535,Devinne,Gruszczak,dgruszczakeu@netlog.com,Mitsubishi,Galant,2001,8886416.0
530,536,Elysha,Toogood,etoogoodev@loc.gov,Subaru,Outback,2002,6824459.0
531,537,Herschel,Crilley,hcrilleyew@joomla.org,Buick,Riviera,1999,7541097.0
532,538,Lynda,Liversley,lliversleyex@ebay.co.uk,Ford,Crown Victoria,2011,9393341.0
533,539,Halsy,McInally,hmcinallyey@state.tx.us,Chevrolet,G-Series 1500,1998,1729235.0
534,540,Ethyl,Johansson,ejohanssonez@hubpages.com,Chrysler,PT Cruiser,2009,3181920.68
535,541,Rik,Jellico,rjellicof0@blinklist.com,Chevrolet,Suburban 1500,2002,5500870.49
536,542,Devonna,Newlin,dnewlinf1@issuu.com,Citro?n,Seville,1994,1714210.58
537,543,Merralee,Mallabon,mmallabonf2@friendfeed.com,GMC,Savana 3500,1997,5620382.0
538,544,Lenee,Dinwoodie,ldinwoodief3@lulu.com,Chevrolet,Suburban 2500,2012,9207213.0
539,545,Renard,De Lorenzo,rdelorenzof4@hatena.ne.jp,Subaru,Legacy,1999,146912.36
540,546,Horatia,Grose,hgrosef5@lycos.com,Dodge,Ram Van 2500,1996,1261123.43
541,547,Johannah,Scatcher,jscatcherf6@dmoz.org,Chevrolet,Silverado 2500,1999,2140634.53
542,548,Mathilde,Ipsgrave,mipsgravef7@harvard.edu,Audi,A8,2002,1091208.48
543,549,Amelie,Toe,atoef8@bluehost.com,Pontiac,Grand Prix,1987,8604637.0
544,550,Gannie,Lingfoot,glingfootf9@japanpost.jp,Porsche,Boxster,2000,2935720.3
545,551,Christa,Bottinelli,cbottinellifa@livejournal.com,Chrysler,Sebring,2009,8644381.0
546,552,Clement,Bruun,cbruunfb@omniture.com,Volvo,S40,2001,38826.69
547,553,Janet,Blowen,jblowenfc@un.org,Ford,Thunderbird,1990,9939103.0
548,554,Farrand,Mansour,fmansourfd@berkeley.edu,Honda,Element,2006,5605673.0
549,555,Orbadiah,Tythacott,otythacottfe@timesonline.co.uk,Buick,Park Avenue,2003,3765431.64
550,556,Kyla,Forsyde,kforsydeff@squarespace.com,Dodge,Ram 1500,2009,4212484.0
551,557,Fonz,Simionescu,fsimionescufg@mapquest.com,Mazda,626,2002,2603268.0
552,558,Heinrik,Thackham,hthackhamfh@4shared.com,Mazda,B-Series,2001,9000120.0
553,559,Feliks,Bohea,fboheafi@cafepress.com,BMW,M3,2003,1358117.43
554,560,Charlie,Abramin,cabraminfj@blogtalkradio.com,Maserati,Spyder,2005,5585552.99
555,561,Sid,McConway,smcconwayfk@vimeo.com,Ford,EXP,1986,3968793.46
556,562,Heddi,Neesam,hneesamfl@shop-pro.jp,Lexus,CT,2011,6375378.0
557,563,Kristian,Craxford,kcraxfordfm@wikipedia.org,Saturn,VUE,2009,4296598.0
558,564,Alidia,Towle,atowlefn@surveymonkey.com,Nissan,Armada,2012,495749.06
559,565,Adaline,Romera,aromerafo@toplist.cz,Lincoln,MKS,2012,6606214.0
560,566,Sheri,Matushevich,smatushevichfp@cmu.edu,Ford,F150,2003,5284916.91
561,567,Camile,MacCoughen,cmaccoughenfq@telegraph.co.uk,Chrysler,Pacifica,2005,2831371.61
562,568,Gladi,Paxforde,gpaxfordefr@meetup.com,Chevrolet,G-Series 1500,1998,3784924.87
563,569,Thoma,Hemphrey,themphreyfs@howstuffworks.com,Mercury,Montego,2006,8892498.0
564,570,Noel,Sturm,nsturmft@aboutads.info,Land Rover,Range Rover,2005,8747542.0
565,571,Cammy,Nancarrow,cnancarrowfu@bloglines.com,Porsche,911,1995,6318432.0
566,572,Dody,Dorre,ddorrefv@cisco.com,Toyota,Sienna,2002,7459533.0
567,573,Cassie,Munday,cmundayfw@youtube.com,Dodge,Avenger,2010,9212885.0
568,574,Kit,Woodstock,kwoodstockfx@cnn.com,Acura,MDX,2003,1488339.99
569,575,Gearalt,Rushford,grushfordfy@alexa.com,Jeep,Wrangler,2008,3092802.71
570,576,Sol,Gater,sgaterfz@example.com,Mercedes-Benz,Sprinter 2500,2011,7061054.42
571,577,Antoine,Gebhard,agebhardg0@blogger.com,Mazda,B-Series,1998,7067223.18
572,578,Alanah,Filyaev,afilyaevg1@issuu.com,Mercedes-Benz,S-Class,1997,2376758.0
573,579,Delcina,Gallego,dgallegog2@pcworld.com,Aston Martin,V8 Vantage,2010,3294307.07
574,580,Jermain,Josse,jjosseg3@samsung.com,Oldsmobile,98,1996,4789898.0
575,581,Angelica,Cosgry,acosgryg4@cnet.com,Lincoln,MKT,2010,1132292.14
576,582,Maria,De Courtney,mdecourtneyg5@ebay.com,GMC,2500,1999,9461970.0
577,583,Cecilius,Bairnsfather,cbairnsfatherg6@51.la,Oldsmobile,Intrigue,1999,5530407.82
578,584,Susi,Hurich,shurichg7@blog.com,Volkswagen,Touareg,2005,8588890.0
579,585,Cristiano,Rowson,crowsong8@apple.com,Toyota,Land Cruiser,2006,3325310.74
580,586,Myer,Simionescu,msimionescug9@wordpress.com,Isuzu,Space,1992,3398450.0
581,587,Morley,Marston,mmarstonga@vk.com,Lexus,ES,1989,6164854.49
582,588,Carla,Van den Velde,cvandenveldegb@so-net.ne.jp,GMC,1500,1996,8634280.0
583,589,Fairfax,Kevern,fkeverngc@webnode.com,Buick,Electra,1989,9525692.0
584,590,Nanete,Snel,nsnelgd@exblog.jp,Chevrolet,1500,1995,3290986.0
585,591,Milton,Wotherspoon,mwotherspoonge@moonfruit.com,Subaru,Impreza,1999,3659734.26
586,592,Noelyn,Pallesen,npallesengf@theglobeandmail.com,Pontiac,6000,1990,5521224.23
587,593,Weber,Pachta,wpachtagg@163.com,Mitsubishi,Raider,2007,8097295.0
588,594,Ive,Grigoriev,igrigorievgh@cmu.edu,Dodge,Stratus,2002,5962171.0
589,595,Aeriel,Minnette,aminnettegi@wisc.edu,Chrysler,Aspen,2009,6258053.0
590,596,Thurston,Tebbe,ttebbegj@wunderground.com,Dodge,Intrepid,1998,2592193.86
591,597,Sarene,Clementel,sclementelgk@symantec.com,Chevrolet,Malibu,2001,7754222.0
592,598,Frazier,Letherbury,fletherburygl@stanford.edu,Lexus,LX,1997,3104304.59
593,599,Claudell,Coles,ccolesgm@guardian.co.uk,Volvo,XC70,2007,237234.9
594,600,Elliot,Griss,egrissgn@alexa.com,Pontiac,Grand Prix,1985,43999.17
595,601,Darla,Uden,dudengo@comsenz.com,Nissan,Titan,2004,7165589.0
596,602,Zaneta,McGahey,zmcgaheygp@mashable.com,Mercedes-Benz,R-Class,2012,6044968.0
597,603,Louie,Crisp,lcrispgq@unesco.org,Pontiac,Sunfire,2002,1824928.41
598,604,Odo,Pedrocco,opedroccogr@examiner.com,Nissan,Frontier,1999,5163477.0
599,605,Marisa,Blaymires,mblaymiresgs@xinhuanet.com,GMC,Yukon XL 2500,2008,8104012.0
600,606,Harry,Micka,hmickagt@joomla.org,Buick,Park Avenue,2000,7741768.75
601,607,Jasmin,Sarch,jsarchgu@github.io,Ford,F150,2000,987444.05
602,608,Bonny,Claypool,bclaypoolgv@furl.net,Ford,Econoline E150,1995,2955029.0
603,609,Lynnea,Preddle,lpreddlegw@ehow.com,Mercedes-Benz,GL-Class,2012,1606878.63
604,610,Carrissa,Leschelle,cleschellegx@buzzfeed.com,Mitsubishi,Galant,2006,6288213.37
605,611,Dal,Reinhard,dreinhardgy@elegantthemes.com,Chrysler,Concorde,2001,5418764.0
606,612,Dinny,Killshaw,dkillshawgz@jimdo.com,Mercedes-Benz,SL-Class,2005,4949526.98
607,613,Bryon,McConnulty,bmcconnultyh0@sciencedaily.com,Ford,F250,2004,6489822.0
608,614,Lorinda,Duerdin,lduerdinh1@liveinternet.ru,Honda,Odyssey,2001,1044923.78
609,615,Justus,Thaine,jthaineh2@engadget.com,Lincoln,Town Car,1992,9508878.0
610,616,Dukey,Kaliszewski,dkaliszewskih3@tinypic.com,Mercedes-Benz,S-Class,1995,9056688.0
611,617,Desirae,Bickle,dbickleh4@sogou.com,Honda,Civic,2007,5999688.0
612,618,Gerladina,O'Fairy,gofairyh5@hao123.com,Pontiac,LeMans,1965,7929874.0
613,619,Mame,Skipsea,mskipseah6@gizmodo.com,Audi,A6,2001,449804.6
614,620,Trey,Syvret,tsyvreth7@devhub.com,Ford,Taurus X,2009,7444011.54
615,621,Blair,Murrells,bmurrellsh8@jiathis.com,Porsche,Boxster,2001,4095462.09
616,622,Taddeo,Bautiste,tbautisteh9@123-reg.co.uk,Mitsubishi,RVR,1993,1515388.52
617,623,Berny,Rhoades,brhoadesha@drupal.org,Dodge,Intrepid,1998,3160043.77
618,624,Yuri,Marchent,ymarchenthb@bandcamp.com,Scion,iQ,2012,8893543.0
619,625,Hestia,Storck,hstorckhc@paginegialle.it,Land Rover,Discovery,1997,3091211.0
620,626,Marilee,Minshull,mminshullhd@yale.edu,Toyota,Celica,1994,3310380.43
621,627,Giulio,Streatfield,gstreatfieldhe@joomla.org,Mazda,MX-5,2012,5117256.56
622,628,Bambi,De Paepe,bdepaepehf@nasa.gov,Oldsmobile,Bravada,2002,8033627.0
623,629,Orran,Cafe,ocafehg@si.edu,Mercury,Mountaineer,2007,4485887.66
624,630,Carolus,Trusler,ctruslerhh@deliciousdays.com,Buick,Riviera,1988,9437068.0
625,631,Brockie,Vivyan,bvivyanhi@goodreads.com,Buick,Skylark,1986,8134117.0
626,632,Livvyy,Muirhead,lmuirheadhj@themeforest.net,Plymouth,Grand Voyager,1999,4328929.0
627,633,Gabriellia,Williams,gwilliamshk@acquirethisname.com,Ford,Tempo,1986,9025018.0
628,634,Jennee,Brame,jbramehl@oakley.com,GMC,Sonoma Club Coupe,1998,3870715.0
629,635,Tallie,Pulley,tpulleyhm@pinterest.com,Mazda,626,1996,9766694.0
630,636,Mikel,Radmer,mradmerhn@nature.com,Dodge,Stratus,2006,6318428.5
631,637,Sig,Lanchbury,slanchburyho@sitemeter.com,Chevrolet,Suburban 2500,1996,401786.26
632,638,Saunders,Sirette,ssirettehp@japanpost.jp,Ford,Laser,1984,9905682.0
633,639,Lorianna,Bunch,lbunchhq@pcworld.com,Honda,Element,2011,8477526.0
634,640,Bendix,Mattosoff,bmattosoffhr@earthlink.net,GMC,2500,1993,5724422.16
635,641,Zebedee,Coulson,zcoulsonhs@google.pl,Dodge,Ram Van 2500,1996,6047090.15
636,642,Sydney,Inggall,singgallht@deliciousdays.com,Chevrolet,Colorado,2005,4332014.08
637,643,Killie,Le Marquis,klemarquishu@over-blog.com,Saturn,S-Series,1996,9106943.0
638,644,Winnie,Bahike,wbahikehv@histats.com,Mazda,929,1990,3434057.43
639,645,Royal,Beggi,rbeggihw@zimbio.com,Chrysler,Town & Country,2002,4420735.88
640,646,Stephanie,Warrior,swarriorhx@globo.com,Mercury,Tracer,1994,4133172.89
641,647,Isabelita,Kuschke,ikuschkehy@examiner.com,Toyota,Avalon,2010,2820047.54
642,648,Heida,Pach,hpachhz@netscape.com,Scion,tC,2007,1121490.3
643,649,Lyndel,Bompass,lbompassi0@netvibes.com,Chevrolet,Camaro,1974,7617365.42
644,650,Barbaraanne,Piers,bpiersi1@google.com.br,Hyundai,Sonata,2013,7642605.0
645,651,Bondon,McGillivray,bmcgillivrayi2@cbsnews.com,Lotus,Elise,2005,9784959.0
646,652,Stafani,Kittredge,skittredgei3@goo.ne.jp,Ford,Thunderbird,2004,9805961.0
647,653,Kenn,Cooksey,kcookseyi4@usgs.gov,Honda,Civic,2011,3285480.66
648,654,Barbee,Sporrij,bsporriji5@ezinearticles.com,Chevrolet,G-Series G10,1993,686556.19
649,655,Aime,Hanny,ahannyi6@studiopress.com,Kia,Optima,2005,381028.17
650,656,Katharyn,Conechie,kconechiei7@storify.com,Ford,Expedition,1999,2247025.33
651,657,Bertina,Matiewe,bmatiewei8@fastcompany.com,Saab,9000,1990,1380240.69
652,658,Charo,Habershon,chabershoni9@weather.com,Nissan,Maxima,2010,2832157.65
653,659,Morty,Rasor,mrasoria@cyberchimps.com,Subaru,Impreza,2004,7149015.13
654,660,Winnah,Cruwys,wcruwysib@4shared.com,GMC,Sierra 3500,2008,2528729.97
655,661,Lawrence,Clipson,lclipsonic@walmart.com,Chevrolet,Tahoe,2001,1820980.51
656,662,Matthus,Barrack,mbarrackid@reference.com,Lamborghini,Murci√©lago,2006,2843990.32
657,663,Wynny,Mennear,wmennearie@earthlink.net,Subaru,Outback,2011,8512243.0
658,664,Pansy,Cowpertwait,pcowpertwaitif@amazon.de,Subaru,XT,1990,7406543.0
659,665,Sallyanne,Jeary,sjearyig@geocities.jp,Subaru,Forester,1998,1254431.76
660,666,Dorette,Junkison,djunkisonih@economist.com,Ford,Taurus,2004,6352627.0
661,667,Belvia,Bosson,bbossonii@hibu.com,Suzuki,Daewoo Lacetti,2004,6496093.0
662,668,Lilia,Esler,leslerij@goodreads.com,Pontiac,1000,1985,6550589.76
663,669,Midge,Timson,mtimsonik@delicious.com,Saturn,VUE,2010,7359566.49
664,670,Cherrita,Peiro,cpeiroil@over-blog.com,Honda,Element,2006,9059752.0
665,671,Conny,Drennan,cdrennanim@google.com.hk,Ford,Escape,2001,5607331.82
666,672,Wylie,Tiptaft,wtiptaftin@delicious.com,Pontiac,Sunfire,1997,8802895.0
667,673,Johnath,Garmey,jgarmeyio@themeforest.net,Dodge,Durango,2001,2061460.09
668,674,Cassaundra,Broe,cbroeip@slashdot.org,Toyota,Tacoma,2001,6822173.08
669,675,Jeth,Studart,jstudartiq@storify.com,BMW,X5,2000,6822978.2
670,676,Phip,Crisp,pcrispir@storify.com,Ford,F350,1994,2323007.32
671,677,Langston,Felderer,lfeldereris@163.com,Citro?n,STS,2005,4575353.39
672,678,Ira,Kunrad,ikunradit@desdev.cn,Ford,Mustang,2002,3463935.93
673,679,Kaleb,Baldrick,kbaldrickiu@surveymonkey.com,Dodge,Challenger,2008,29013.64
674,680,Perren,Sharram,psharramiv@addtoany.com,Ford,F-Series Super Duty,2007,2059563.38
675,681,Oriana,Sissot,osissotiw@xing.com,Saab,900,1990,6900025.0
676,682,Forbes,Klimas,fklimasix@ed.gov,Jaguar,XJ Series,2002,3686836.19
677,683,Bruis,Station,bstationiy@ustream.tv,Toyota,Land Cruiser,2005,9531095.0
678,684,Dal,Gall,dgalliz@gizmodo.com,Subaru,XT,1991,4190744.5
679,685,Ashely,Yuryatin,ayuryatinj0@epa.gov,Infiniti,EX,2010,8602438.0
680,686,Krysta,O'Dea,kodeaj1@mapy.cz,Honda,Accord,2000,8288736.77
681,687,Sallee,Philipot,sphilipotj2@cafepress.com,Acura,RL,1997,992836.45
682,688,Orelie,Putson,oputsonj3@typepad.com,Oldsmobile,Alero,2003,81053.32
683,689,Shaine,Kerwin,skerwinj4@usa.gov,Porsche,928,1988,4167598.0
684,690,Emmye,MacDonnell,emacdonnellj5@irs.gov,Lincoln,Town Car,2004,1790696.0
685,691,Nessy,Acors,nacorsj6@feedburner.com,Chevrolet,Silverado 2500,2010,8901574.0
686,692,Florenza,Treble,ftreblej7@github.io,Infiniti,QX,2006,9160334.0
687,693,Sherwood,Gisburne,sgisburnej8@va.gov,Mercedes-Benz,S-Class,1985,5866996.7
688,694,Doralynn,Robillart,drobillartj9@blogtalkradio.com,Chevrolet,Impala,2005,6456559.38
689,695,Zandra,Blundel,zblundelja@quantcast.com,Acura,MDX,2006,3555142.92
690,696,Dorisa,de Zamora,ddezamorajb@is.gd,Chrysler,Town & Country,2012,1625503.38
691,697,Kynthia,Aishford,kaishfordjc@alexa.com,Ford,Crown Victoria,2005,3943045.75
692,698,Eden,Smart,esmartjd@imdb.com,Volkswagen,Eurovan,1994,7469312.09
693,699,Ellette,MacElane,emacelaneje@mit.edu,Audi,S4,2001,3308381.44
694,700,Cassie,Corneljes,ccorneljesjf@sourceforge.net,Geo,Tracker,1994,2823008.53
695,701,Lani,Caspell,lcaspelljg@jalbum.net,Audi,Cabriolet,1995,6975071.37
696,702,Arabele,Oldnall,aoldnalljh@sphinn.com,Dodge,Ram 1500,1997,8591898.0
697,703,Jeralee,Greguoli,jgreguoliji@nifty.com,Mercury,Cougar,1970,9119943.0
698,704,Alva,Loxdale,aloxdalejj@exblog.jp,Mercedes-Benz,W201,1991,9242262.0
699,705,Manya,Guiver,mguiverjk@nymag.com,Kia,Carens,2008,6032243.0
700,706,Zoe,Swanwick,zswanwickjl@youtu.be,Lincoln,Mark VIII,1998,8672058.0
701,707,Carce,Aubri,caubrijm@naver.com,Ford,Taurus,1986,7214395.0
702,708,Olvan,Tenney,otenneyjn@i2i.jp,Audi,S6,2011,5210903.0
703,709,Rhonda,Garett,rgarettjo@desdev.cn,Dodge,Viper RT/10,1995,6614595.0
704,710,Ronnie,Ganley,rganleyjp@tiny.cc,Isuzu,Rodeo,1993,7533326.28
705,711,Lanna,Rigeby,lrigebyjq@twitter.com,Chrysler,LHS,1999,2201563.27
706,712,Marissa,Stoad,mstoadjr@nationalgeographic.com,GMC,2500 Club Coupe,1994,9366726.0
707,713,Viv,Grise,vgrisejs@webs.com,BMW,3 Series,1997,495919.92
708,714,Cortie,Le Borgne,cleborgnejt@tumblr.com,Plymouth,Sundance,1993,9758952.0
709,715,Emera,Parramore,eparramoreju@weebly.com,Toyota,Avalon,1998,3986197.07
710,716,Ally,Preble,apreblejv@issuu.com,Mazda,B-Series,2003,4437072.43
711,717,Sal,Poon,spoonjw@com.com,Toyota,Paseo,1997,2206317.41
712,718,Heida,Portriss,hportrissjx@mozilla.org,Audi,Coupe Quattro,1990,6690899.0
713,719,Raymund,Fagg,rfaggjy@vkontakte.ru,Buick,Regal,1993,4692.35
714,720,Angele,Cordier,acordierjz@springer.com,Volvo,S80,2006,282328.95
715,721,Louisette,Gyenes,lgyenesk0@about.com,Ford,F150,2004,5989737.68
716,722,Blair,Ralphs,bralphsk1@intel.com,Volkswagen,Rabbit,2007,565491.83
717,723,Eran,Kinsley,ekinsleyk2@weather.com,Toyota,Tacoma Xtra,2003,5329903.83
718,724,Babara,Murfett,bmurfettk3@auda.org.au,Hyundai,Sonata,2002,1562484.24
719,725,Reube,Bygrave,rbygravek4@vimeo.com,Aston Martin,DBS,2008,9822877.0
720,726,Rhonda,Battersby,rbattersbyk5@sphinn.com,Ford,Fusion,2011,2342394.0
721,727,Dianne,Tilston,dtilstonk6@sun.com,Isuzu,Ascender,2006,876382.59
722,728,Florry,Durnall,fdurnallk7@ucoz.ru,Porsche,928,1994,1394994.91
723,729,Chicky,Myford,cmyfordk8@smh.com.au,BMW,Z3,1998,1277196.47
724,730,Konstantin,Scandred,kscandredk9@goo.gl,Ford,Aspire,1995,1789180.82
725,731,Ronnie,Wrench,rwrenchka@hhs.gov,Chevrolet,Suburban,2011,1476730.0
726,732,Sydney,Howitt,showittkb@ebay.co.uk,GMC,1500 Club Coupe,1992,2725366.0
727,733,Sybilla,Cutchie,scutchiekc@joomla.org,Mazda,Mazda5,2009,2025417.26
728,734,Kinna,Gatward,kgatwardkd@skyrock.com,Chevrolet,Tracker,2001,8698115.0
729,735,Ninetta,Brunroth,nbrunrothke@diigo.com,Dodge,Ram 1500 Club,2000,1091489.47
730,736,Sheree,Mingotti,smingottikf@bloglovin.com,Buick,Regal,1987,4244567.47
731,737,Dani,Quemby,dquembykg@microsoft.com,Pontiac,Bonneville,1999,8198737.23
732,738,Delphinia,Klimkovich,dklimkovichkh@1und1.de,GMC,Savana,2009,3676127.22
733,739,Shell,Carrett,scarrettki@studiopress.com,Spyker,C8,2005,6455054.0
734,740,Yorker,Bartomieu,ybartomieukj@php.net,Nissan,370Z,2012,7337354.0
735,741,Lavinia,Tregidga,ltregidgakk@ucoz.com,Volvo,C30,2008,6460928.7
736,742,Rae,Trymme,rtrymmekl@reddit.com,Citro?n,Seville,1993,9463425.0
737,743,Drugi,Seale,dsealekm@mozilla.com,Lexus,GX,2011,7517892.0
738,744,Georgetta,Kilcoyne,gkilcoynekn@de.vu,Mercury,Grand Marquis,2006,1913149.79
739,745,Judy,Merigon,jmerigonko@devhub.com,Honda,CR-X,1984,9886601.0
740,746,Kimberly,Heinz,kheinzkp@nymag.com,Ford,Freestyle,2007,2280396.94
741,747,Cindra,Loveman,clovemankq@addtoany.com,Infiniti,Q,2006,7453989.99
742,748,Kahaleel,Tropman,ktropmankr@earthlink.net,Volkswagen,Jetta,2000,7285587.0
743,749,Teena,Kinrade,tkinradeks@google.de,Infiniti,G,2001,3887911.4
744,750,Lilli,Gorring,lgorringkt@statcounter.com,Chrysler,Imperial,1926,9732869.0
745,751,Vincent,Cunniam,vcunniamku@furl.net,Mitsubishi,Expo,1994,9197142.0
746,752,Artair,Heningham,aheninghamkv@imgur.com,Mitsubishi,Tundra,2009,8143658.66
747,753,Osbert,McGeown,omcgeownkw@example.com,Volkswagen,rio,1996,1288406.3
748,754,Alric,Behrend,abehrendkx@bbc.co.uk,GMC,Canyon,2004,474549.96
749,755,Quinn,O'Spillane,qospillaneky@1688.com,Audi,80/90,1988,6444195.0
750,756,Verge,Danilovitch,vdanilovitchkz@a8.net,Toyota,Tundra,2004,7862572.69
751,757,Adria,Vigars,avigarsl0@google.pl,Pontiac,Grand Prix,1981,2589047.0
752,758,Urbain,Whitlam,uwhitlaml1@plala.or.jp,Isuzu,Rodeo,2002,4622737.0
753,759,Kaspar,Tesauro,ktesaurol2@clickbank.net,Lincoln,Town Car,1989,3297811.0
754,760,Nerte,McGeouch,nmcgeouchl3@ft.com,Mercedes-Benz,Sprinter 3500,2011,7630531.31
755,761,Frans,Aickin,faickinl4@tamu.edu,Citro?n,CTS-V,2006,7082362.69
756,762,Hasty,Haberjam,hhaberjaml5@surveymonkey.com,Chevrolet,Tahoe,1996,2681893.0
757,763,Allie,Fayerman,afayermanl6@cbsnews.com,Mitsubishi,Montero,2000,6696414.0
758,764,Gilberta,Rodrigues,grodriguesl7@last.fm,BMW,760,2006,1305935.99
759,765,Arny,Carayol,acarayoll8@google.com,Isuzu,Hombre,1996,3745196.37
760,766,Coraline,Bedinn,cbedinnl9@e-recht24.de,Mazda,CX-9,2009,7313284.53
761,767,Crissy,Pococke,cpocockela@amazonaws.com,Chrysler,Town & Country,2012,8381883.0
762,768,Ermin,Yesenin,eyeseninlb@cnbc.com,Mercury,Mariner,2008,1527923.18
763,769,Michel,Rottcher,mrottcherlc@qq.com,Land Rover,Discovery,2004,3036553.26
764,770,Adolph,Foucher,afoucherld@pbs.org,Volvo,V70,2006,4267530.65
765,771,Libbey,Tesseyman,ltesseymanle@yahoo.co.jp,Ford,Edge,2009,3403993.13
766,772,Everett,Gian,egianlf@youtube.com,Mercedes-Benz,G-Class,2004,9964686.0
767,773,Wilton,Maxwell,wmaxwelllg@usnews.com,Mercedes-Benz,S-Class,2000,31534.07
768,774,Alfonso,Duffett,aduffettlh@businessinsider.com,Toyota,Celica,1982,6269631.0
769,775,Corbett,Goudy,cgoudyli@com.com,Pontiac,GTO,2006,2567030.4
770,776,Arnaldo,Deadman,adeadmanlj@clickbank.net,Toyota,RAV4,2009,2823630.81
771,777,Jorry,Osgodby,josgodbylk@prnewswire.com,Mercedes-Benz,C-Class,1995,9188611.0
772,778,Fraser,Kunert,fkunertll@youtu.be,Citro?n,SRX,2008,6355663.53
773,779,Brodie,McMurray,bmcmurraylm@blogtalkradio.com,Holden,VS Commodore,1995,7610143.63
774,780,Beulah,McCrossan,bmccrossanln@economist.com,Ford,Laser,1987,4237563.17
775,781,Gabbie,Frame,gframelo@sfgate.com,Chevrolet,SSR,2006,185057.25
776,782,Georgeanna,Boatman,gboatmanlp@barnesandnoble.com,Audi,A4,2003,3756348.0
777,783,Eleanore,Gauden,egaudenlq@yelp.com,Mazda,Miata MX-5,1995,8768030.0
778,784,Daria,Hancell,dhancelllr@cmu.edu,Mercury,Grand Marquis,1987,1996512.78
779,785,Tades,Puttrell,tputtrellls@51.la,Acura,Integra,2000,4134963.14
780,786,Dagmar,Toor,dtoorlt@berkeley.edu,Pontiac,LeMans,1965,3511388.24
781,787,Regina,Huske,rhuskelu@bizjournals.com,Ford,Ranger,1998,6066497.39
782,788,Lorna,Standfield,lstandfieldlv@arstechnica.com,Buick,Century,1993,8111987.16
783,789,Annis,Glowinski,aglowinskilw@ucsd.edu,Chrysler,Sebring,1997,4965007.27
784,790,Ringo,Belmont,rbelmontlx@blogspot.com,Mazda,MX-5,1991,1581731.1
785,791,Sheila-kathryn,Beranek,sberanekly@lulu.com,Jeep,Patriot,2007,9080078.0
786,792,Jabez,Estable,jestablelz@webs.com,Mercury,Mystique,1996,8351629.73
787,793,Gui,Lathy,glathym0@slashdot.org,Ford,Mustang,2012,6916758.09
788,794,Ulrike,Leworthy,uleworthym1@elpais.com,Isuzu,Trooper,1998,591833.71
789,795,Alick,Parchment,aparchmentm2@squarespace.com,Aston Martin,V8 Vantage,2011,1517335.48
790,796,Robbi,Boler,rbolerm3@ftc.gov,Acura,Integra,1995,6657181.58
791,797,Alonso,Buff,abuffm4@wikia.com,Honda,Odyssey,2004,3323255.0
792,798,Andie,Marcombe,amarcombem5@netscape.com,Dodge,Stratus,2004,132875.91
793,799,Griswold,Kirdsch,gkirdschm6@china.com.cn,Lexus,RX,2013,3674475.0
794,800,Tomkin,Kauble,tkaublem7@hatena.ne.jp,BMW,M5,2010,9266779.0
795,801,Golda,Jephcote,gjephcotem8@yellowpages.com,Chevrolet,Corvette,1972,922472.46
796,802,Laureen,Alflatt,lalflattm9@e-recht24.de,Citro?n,Escalade EXT,2003,5189888.0
797,803,Janna,Furnival,jfurnivalma@google.es,Chevrolet,1500,1998,7081513.47
798,804,Loria,Silvers,lsilversmb@tinyurl.com,Chevrolet,Suburban 1500,2000,6825194.72
799,805,Deanne,Capron,dcapronmc@wikia.com,Ford,F350,2007,1068779.0
800,806,Cesya,Yannoni,cyannonimd@ezinearticles.com,Buick,Park Avenue,1992,5526708.33
801,807,Jacquette,Dugan,jduganme@51.la,GMC,Sierra 1500,2011,3724820.0
802,808,Dag,Ringe,dringemf@1und1.de,GMC,Terrain,2012,9372137.0
803,809,Bryan,Marsay,bmarsaymg@studiopress.com,Infiniti,QX,2004,5780521.4
804,810,Nikolas,McCandless,nmccandlessmh@theatlantic.com,Mercedes-Benz,SLK-Class,2000,7325158.15
805,811,Emlyn,Brend,ebrendmi@google.co.uk,BMW,645,2004,8256988.0
806,812,Rudolf,Benoi,rbenoimj@fda.gov,Maybach,57,2011,3315548.0
807,813,Ravid,Bruford,rbrufordmk@gnu.org,Ford,Escape,2009,7010910.47
808,814,Yvonne,Sparkes,ysparkesml@twitter.com,Ford,Expedition,2006,9276295.0
809,815,Nikki,Colgan,ncolganmm@msu.edu,Volkswagen,Jetta,2002,2959624.56
810,816,Jeremy,Sommerled,jsommerledmn@github.com,Lotus,Elan,1993,5784998.25
811,817,Alair,Chafer,achafermo@fotki.com,Dodge,Dakota Club,2000,4799756.0
812,818,Markos,Stiger,mstigermp@arstechnica.com,Mercedes-Benz,SL-Class,2008,6400622.47
813,819,Diena,Brotherheed,dbrotherheedmq@intel.com,Mercedes-Benz,E-Class,2008,2299659.98
814,820,Lorinda,Priestman,lpriestmanmr@cam.ac.uk,Chevrolet,Tahoe,1998,59302.05
815,821,Windham,Ketton,wkettonms@deliciousdays.com,Hyundai,Tucson,2012,4235538.0
816,822,Joice,Roney,jroneymt@mlb.com,Mercedes-Benz,500E,1993,4431565.46
817,823,Luci,Alf,lalfmu@about.com,Lexus,LX,2002,6258846.75
818,824,Cristen,Bullivant,cbullivantmv@github.io,Subaru,Alcyone SVX,1995,9335907.0
819,825,Windham,Chasteau,wchasteaumw@live.com,Volkswagen,Rabbit,2006,2142308.94
820,826,Rudy,Ciotto,rciottomx@seattletimes.com,Pontiac,Sunbird,1991,9525468.0
821,827,Andrea,Windrass,awindrassmy@taobao.com,Ford,Festiva,1993,3134015.94
822,828,Keeley,Brastead,kbrasteadmz@tumblr.com,Lexus,ES,1991,3022697.0
823,829,Granville,Blackham,gblackhamn0@photobucket.com,Audi,200,1990,6743809.72
824,830,Hugh,Barritt,hbarrittn1@gnu.org,Volkswagen,Type 2,1989,6056610.0
825,831,Ania,Molfino,amolfinon2@census.gov,Nissan,Pathfinder,2008,6398760.0
826,832,Dorie,O'Corrigane,docorriganen3@noaa.gov,Porsche,911,2009,507279.93
827,833,Erma,Heinl,eheinln4@bigcartel.com,Mercury,Monterey,2004,2093833.4
828,834,Timotheus,Woolcocks,twoolcocksn5@ning.com,Nissan,350Z,2004,799799.19
829,835,Addison,Rozea,arozean6@delicious.com,Studebaker,Avanti,1962,3694280.45
830,836,Enrico,Bushill,ebushilln7@mayoclinic.com,Chrysler,Concorde,1995,5163060.09
831,837,Devinne,Huerta,dhuertan8@nasa.gov,Toyota,Venza,2009,132293.07
832,838,Conn,MacWhirter,cmacwhirtern9@miibeian.gov.cn,Buick,Skylark,1998,7870980.71
833,839,Brett,Faithfull,bfaithfullna@xinhuanet.com,Mazda,RX-7,1990,8628399.0
834,840,Nealy,Walesa,nwalesanb@reddit.com,Honda,Civic,2011,60045.53
835,841,Sheena,Crilley,scrilleync@odnoklassniki.ru,Ford,Ranger,1984,2500038.79
836,842,Jakie,Dancey,jdanceynd@weather.com,Ford,E-350 Super Duty Van,2006,3852419.52
837,843,Etta,Grishakin,egrishakinne@google.com.hk,Mercury,Villager,2000,1525775.71
838,844,Hailey,McCrisken,hmccriskennf@sourceforge.net,Ford,Escort,1994,3732525.04
839,845,Jackqueline,Caulket,jcaulketng@facebook.com,Hyundai,Scoupe,1992,4104720.0
840,846,Karl,Readman,kreadmannh@furl.net,Toyota,Land Cruiser,2004,7974426.0
841,847,Johanna,Nana,jnanani@bigcartel.com,Mazda,Protege,1994,6438541.0
842,848,Brooke,Chastanet,bchastanetnj@reference.com,Spyker,C8 Spyder Wide Body,2004,4756077.0
843,849,Shepard,Girodin,sgirodinnk@europa.eu,Toyota,Yaris,2011,8238553.0
844,850,Noby,Ander,nandernl@earthlink.net,Saturn,Outlook,2009,8412027.0
845,851,Ina,Binnall,ibinnallnm@paginegialle.it,Dodge,Grand Caravan,2007,8153031.14
846,852,Alta,Wrightem,awrightemnn@w3.org,Mitsubishi,Mighty Max,1986,5206209.09
847,853,Brandais,Tooker,btookerno@google.de,Chevrolet,Lumina,1994,1673376.0
848,854,Herold,Willets,hwilletsnp@skyrock.com,Infiniti,QX56,2007,3375401.0
849,855,Colet,McKerton,cmckertonnq@columbia.edu,Infiniti,QX,2012,8394140.0
850,856,Sheridan,Porritt,sporrittnr@imdb.com,Infiniti,EX,2009,9782461.0
851,857,Terrence,Gerram,tgerramns@sakura.ne.jp,Chevrolet,Monte Carlo,2001,1654749.17
852,858,Keeley,Audrey,kaudreynt@toplist.cz,Kia,Sephia,1997,310510.73
853,859,Mufi,Garrod,mgarrodnu@i2i.jp,Buick,Skylark,1995,8140142.0
854,860,Alysa,Beauchamp,abeauchampnv@reddit.com,Honda,Civic,2012,3038357.95
855,861,Mallory,Bartomeu,mbartomeunw@bloglines.com,Volvo,V50,2005,4226354.45
856,862,Cleve,Greedyer,cgreedyernx@disqus.com,Hyundai,Veloster,2012,623677.4
857,863,Priscilla,Iacopo,piacopony@amazonaws.com,GMC,3500 Club Coupe,1995,6922540.0
858,864,Ynes,Belderfield,ybelderfieldnz@sohu.com,Mercury,Cougar,1967,8784347.0
859,865,Nolly,Norree,nnorreeo0@google.fr,Hyundai,Tiburon,1999,2639240.58
860,866,Maurene,Purchall,mpurchallo1@time.com,Mercedes-Benz,M-Class,2007,4963768.0
861,867,Teresita,Broadfoot,tbroadfooto2@shutterfly.com,Ford,Aerostar,1995,841787.46
862,868,Joyann,Veall,jveallo3@webs.com,Audi,A4,2008,4565368.0
863,869,Derk,Knellen,dknelleno4@purevolume.com,Pontiac,Grand Am,1998,7851020.0
864,870,Olag,Keems,okeemso5@umn.edu,Lincoln,Mark VIII,1995,8280246.66
865,871,Tony,Delhay,tdelhayo6@gizmodo.com,Alfa Romeo,164,1992,4583729.78
866,872,Bettye,Grissett,bgrissetto7@mapy.cz,Chevrolet,Express 2500,2010,2652031.29
867,873,Doro,Hatchard,dhatchardo8@virginia.edu,Buick,Park Avenue,2003,7025947.0
868,874,Carmita,Aspling,casplingo9@cbsnews.com,Honda,FCX Clarity,2012,8372331.75
869,875,Giraldo,Stango,gstangooa@oaic.gov.au,Suzuki,XL-7,2005,4835936.92
870,876,Ara,Harmson,aharmsonob@instagram.com,Maybach,57,2003,3141373.0
871,877,Rad,Fochs,rfochsoc@time.com,Mitsubishi,Montero,1992,6625608.0
872,878,Raynor,Antonovic,rantonovicod@twitter.com,Volvo,V50,2007,1839917.99
873,879,Vivianne,Rosenblatt,vrosenblattoe@shop-pro.jp,Lexus,ES,1994,931483.63
874,880,Ed,Train,etrainof@seattletimes.com,Ford,Econoline E250,1995,209901.22
875,881,Arly,Bausor,abausorog@google.co.jp,Mitsubishi,Space,1984,6725374.0
876,882,Beatrice,Vouls,bvoulsoh@smugmug.com,Chevrolet,2500,2000,6812587.0
877,883,Jamaal,Axworthy,jaxworthyoi@mapquest.com,Ford,F-Series Super Duty,2009,5818759.0
878,884,Eadith,Wheelband,ewheelbandoj@ameblo.jp,Chevrolet,Suburban 2500,2004,7816823.0
879,885,Selie,Glendenning,sglendenningok@nyu.edu,Citro?n,Eldorado,1992,6407591.35
880,886,Wendeline,Prothero,wprotherool@nasa.gov,Mazda,MX-6,1992,3277482.78
881,887,Vernice,Yurasov,vyurasovom@wix.com,Land Rover,LR4,2011,6486993.0
882,888,Lynda,Ovesen,lovesenon@msn.com,Jaguar,XK,2009,1199106.31
883,889,Gayler,Deeprose,gdeeproseoo@sourceforge.net,Chevrolet,Blazer,1992,3545442.71
884,890,Maia,Boak,mboakop@edublogs.org,Hyundai,Elantra,1993,1023243.41
885,891,Balduin,Callingham,bcallinghamoq@state.tx.us,Oldsmobile,Cutlass,1998,4708031.77
886,892,Joan,Huws,jhuwsor@home.pl,Mercedes-Benz,C-Class,2004,883387.6
887,893,Svend,Sponder,ssponderos@vk.com,Volkswagen,Tiguan,2011,2848743.31
888,894,Cassie,Belshaw,cbelshawot@wufoo.com,Ford,Explorer,2007,352150.85
889,895,Federico,Hully,fhullyou@seattletimes.com,Land Rover,Discovery,1995,6652750.64
890,896,Anallese,Corbridge,acorbridgeov@csmonitor.com,Subaru,Outback,2003,5426265.0
891,897,Lane,Abelson,labelsonow@miibeian.gov.cn,Ford,Th!nk,2001,3826704.94
892,898,Rory,Allan,rallanox@ning.com,BMW,1 Series,2009,783918.1
893,899,John,Bernaldo,jbernaldooy@umn.edu,Citro?n,DeVille,2003,9554822.0
894,900,Lidia,Gyrgorcewicx,lgyrgorcewicxoz@chicagotribune.com,Chevrolet,Venture,2001,6267918.0
895,901,Melisenda,Shattock,mshattockp0@google.es,Ford,Econoline E250,1996,2499955.0
896,902,Angelle,Basey,abaseyp1@merriam-webster.com,Ford,Thunderbird,1996,842842.41
897,903,Glory,McClymond,gmcclymondp2@rambler.ru,Hyundai,Azera,2006,8786203.0
898,904,Dicky,Armiger,darmigerp3@meetup.com,Mercedes-Benz,SL-Class,1993,9227032.0
899,905,Mahmoud,McCuthais,mmccuthaisp4@mit.edu,Toyota,4Runner,1994,7465883.0
900,906,Pet,De Benedictis,pdebenedictisp5@rambler.ru,Mitsubishi,Eclipse,2008,7578460.33
901,907,Richy,Spinige,rspinigep6@webnode.com,Ford,Expedition,2008,8870184.0
902,908,Lincoln,Polglase,lpolglasep7@aboutads.info,Ford,Mustang,2010,4611785.0
903,909,Ingaberg,McCrackem,imccrackemp8@mozilla.org,BMW,X3,2009,777745.85
904,910,Blanch,Bosket,bbosketp9@washington.edu,Ford,F350,2005,1780217.18
905,911,Ferrel,Holbarrow,fholbarrowpa@last.fm,Audi,Quattro,1985,8336333.69
906,912,Kort,Stollhofer,kstollhoferpb@theglobeandmail.com,Chevrolet,Avalanche 1500,2005,4496163.34
907,913,Cyndi,Dillingston,cdillingstonpc@tuttocitta.it,Buick,Coachbuilder,1991,730971.71
908,914,Pedro,Shelf,pshelfpd@economist.com,Mazda,MX-3,1993,6969956.0
909,915,Nyssa,Lacroix,nlacroixpe@elpais.com,Nissan,Frontier,2005,6291362.51
910,916,Bobette,Hardiker,bhardikerpf@senate.gov,Hyundai,Veracruz,2011,8569628.0
911,917,Gerianna,Eglise,geglisepg@guardian.co.uk,Ford,Expedition EL,2012,1292966.48
912,918,Letitia,Byrd,lbyrdph@deviantart.com,Lexus,GX,2005,1130113.1
913,919,Bartholemy,Kettoe,bkettoepi@ed.gov,Chrysler,Cirrus,1995,8193412.87
914,920,Emlyn,Fritchly,efritchlypj@chicagotribune.com,Ferrari,599 GTB Fiorano,2007,3394270.19
915,921,Thacher,Walkley,twalkleypk@ucoz.com,Dodge,Ram Van 2500,2002,7365908.81
916,922,Derry,Tremollet,dtremolletpl@youku.com,GMC,1500 Club Coupe,1996,1578241.22
917,923,Rorie,Munford,rmunfordpm@hubpages.com,Toyota,Solara,2005,9195486.0
918,924,Trudi,Treeby,ttreebypn@last.fm,Chevrolet,S10,2002,5868697.0
919,925,Nicolai,Trumpeter,ntrumpeterpo@disqus.com,Mazda,B-Series,1997,8941065.0
920,926,Kelila,Hubatsch,khubatschpp@bravesites.com,Mercury,Cougar,1970,1714795.0
921,927,Liam,Weathers,lweatherspq@joomla.org,Honda,Passport,1995,8993496.0
922,928,Trina,Jurzyk,tjurzykpr@privacy.gov.au,Scion,xB,2010,8612382.0
923,929,Stewart,Covelle,scovelleps@ihg.com,GMC,Sonoma,2003,7148527.0
924,930,Tobye,Trusslove,ttrusslovept@uol.com.br,Audi,100,1992,5475345.66
925,931,Eda,Mattecot,emattecotpu@who.int,Nissan,Titan,2005,8545.08
926,932,Whitman,Poplee,wpopleepv@yolasite.com,Maserati,GranTurismo,2009,357058.61
927,933,Brittani,Grushin,bgrushinpw@bbc.co.uk,Mitsubishi,Montero,1996,384689.58
928,934,Delphinia,Ioselevich,dioselevichpx@163.com,Volvo,V70,2002,2143506.0
929,935,Harriet,Radin,hradinpy@mac.com,Honda,Odyssey,2006,4609604.0
930,936,Terese,Brunn,tbrunnpz@vkontakte.ru,Acura,MDX,2001,9996664.0
931,937,Isadora,Goodfellowe,igoodfelloweq0@sina.com.cn,Buick,Skylark,1991,4685215.33
932,938,Carmel,Jewiss,cjewissq1@instagram.com,Mazda,Protege5,2002,5317173.65
933,939,Gaelan,Blackborow,gblackborowq2@state.tx.us,Hyundai,Azera,2012,5102628.0
934,940,Cornell,Swetman,cswetmanq3@e-recht24.de,Volkswagen,GLI,2009,9950033.0
935,941,Quent,Dunsire,qdunsireq4@usda.gov,Mitsubishi,Tredia,1985,2980778.54
936,942,Merrill,Blaksley,mblaksleyq5@china.com.cn,Infiniti,G35,2006,7372434.97
937,943,Kev,Colley,kcolleyq6@weebly.com,GMC,Sierra 3500,2006,6850454.46
938,944,Tobie,Limbrick,tlimbrickq7@simplemachines.org,Aston Martin,V8 Vantage,2010,1185214.9
939,945,Aurelea,Moth,amothq8@hud.gov,Dodge,Grand Caravan,1992,2680774.0
940,946,Roseline,Vokins,rvokinsq9@ask.com,Infiniti,M,2004,7888730.19
941,947,Doro,Jollie,djollieqa@wisc.edu,Pontiac,G3,2009,5360177.28
942,948,Kendrick,Iannetti,kiannettiqb@list-manage.com,Toyota,Highlander,2010,4890624.91
943,949,Orv,Iacomini,oiacominiqc@marriott.com,Lincoln,Mark LT,2007,6063712.07
944,950,Ciel,Bedford,cbedfordqd@github.io,Mazda,RX-8,2007,1484312.97
945,951,Estel,Stygall,estygallqe@youku.com,Saab,9000,1996,6639992.0
946,952,Vergil,Darlington,vdarlingtonqf@dedecms.com,Nissan,Pathfinder,2002,3432342.43
947,953,Crosby,Giovani,cgiovaniqg@ox.ac.uk,Mitsubishi,L300,1989,5928384.0
948,954,John,Coppock.,jcoppockqh@w3.org,Mercedes-Benz,C-Class,2012,733144.65
949,955,Don,Penvarne,dpenvarneqi@theatlantic.com,Bentley,Continental Flying Spur,2007,6896303.0
950,956,Jessika,Philpot,jphilpotqj@google.co.uk,Chevrolet,Blazer,1995,5373492.13
951,957,Jackson,Jirek,jjirekqk@exblog.jp,Ford,F-Series,2007,7907650.87
952,958,Alys,Broadberry,abroadberryql@theglobeandmail.com,Lincoln,Mark LT,2008,5788883.01
953,959,Rebeca,Foucar,rfoucarqm@sogou.com,Mazda,Millenia,1999,3117232.0
954,960,Paulette,Magwood,pmagwoodqn@disqus.com,Jaguar,S-Type,2000,4228978.0
955,961,Annabel,Jacobsen,ajacobsenqo@eventbrite.com,Mercedes-Benz,M-Class,2007,4045704.35
956,962,Oralla,Dyett,odyettqp@sogou.com,Chevrolet,Suburban 2500,2012,1126770.2
957,963,Abra,Ormston,aormstonqq@weebly.com,Toyota,Tercel,1995,7755642.43
958,964,Winnifred,Strutley,wstrutleyqr@last.fm,Mercury,Cougar,1968,6755449.99
959,965,Berk,Espadero,bespaderoqs@reverbnation.com,Mazda,Protege,1993,7834514.78
960,966,Thayne,Bemment,tbemmentqt@europa.eu,Chevrolet,Sportvan G20,1995,454101.65
961,967,Hubey,Tennewell,htennewellqu@cloudflare.com,Suzuki,Grand Vitara,2002,1869891.22
962,968,Junina,McAw,jmcawqv@prnewswire.com,Ford,GT,2005,7104874.0
963,969,Rosalinde,Tibb,rtibbqw@cdbaby.com,Suzuki,Vitara,2001,1710511.33
964,970,Carlyn,Epilet,cepiletqx@wired.com,Buick,Park Avenue,2000,3042276.93
965,971,Artie,Coon,acoonqy@sbwire.com,Land Rover,LR4,2010,6106106.31
966,972,Howie,Mellmer,hmellmerqz@slate.com,Mercedes-Benz,300CE,1992,7940241.0
967,973,Molli,Dusting,mdustingr0@moonfruit.com,Chevrolet,Aveo,2005,4019021.0
968,974,Barry,Vargas,bvargasr1@surveymonkey.com,Porsche,Boxster,2007,4839447.0
969,975,Cassandry,Miskin,cmiskinr2@soup.io,Kia,Spectra,2005,951046.16
970,976,Dasi,Paulo,dpaulor3@slate.com,Volvo,V70,2003,8852850.0
971,977,Lorilee,O'Loughane,loloughaner4@free.fr,Lincoln,MKT,2012,8194645.32
972,978,Kimball,Corneliussen,kcorneliussenr5@usgs.gov,Mercury,Grand Marquis,2006,9865986.0
973,979,Delcina,Learmouth,dlearmouthr6@cnet.com,Citro?n,DTS,2006,6238291.0
974,980,Gale,Swetland,gswetlandr7@paypal.com,Audi,riolet,1998,9315144.0
975,981,Herbert,Tern,hternr8@opensource.org,Acura,NSX,2003,6273123.0
976,982,Garrick,Hanington,ghaningtonr9@jimdo.com,Porsche,Boxster,2003,2021119.0
977,983,Jobyna,Elgy,jelgyra@blogtalkradio.com,Kia,Optima,2012,7822629.86
978,984,Daveta,Kellitt,dkellittrb@army.mil,Aston Martin,Vanquish S,2006,3507581.47
979,985,Devan,Couchman,dcouchmanrc@quantcast.com,Mazda,B-Series Plus,1997,2449781.57
980,986,Burgess,Domenge,bdomengerd@instagram.com,Geo,Tracker,1992,5682558.91
981,987,Rowney,Mattisssen,rmattisssenre@fotki.com,Mazda,MX-5,2006,870612.73
982,988,Gavin,Restorick,grestorickrf@nydailynews.com,Volvo,V70,1998,4096368.86
983,989,Lelia,Sydes,lsydesrg@wired.com,Chevrolet,Caprice,1994,1308737.0
984,990,Dorey,Drohane,ddrohanerh@istockphoto.com,Mitsubishi,Eclipse,2009,2693514.0
985,991,Rolando,Hanner,rhannerri@opensource.org,Plymouth,Fury,1964,714580.85
986,992,Calv,Gosnold,cgosnoldrj@mashable.com,Lamborghini,Gallardo,2009,6918445.35
987,993,Constantine,Probbin,cprobbinrk@sun.com,MINI,Cooper,2006,7896128.09
988,994,Noella,Mussard,nmussardrl@zimbio.com,Mitsubishi,i-MiEV,2012,1983938.15
989,995,Denis,Izchaki,dizchakirm@tripod.com,Mitsubishi,Montero,2000,4210843.85
990,996,Land,Berkely,lberkelyrn@jimdo.com,Mazda,B-Series,2006,2810633.0
991,997,Adriana,MacCulloch,amaccullochro@prweb.com,Volkswagen,New Beetle,2006,7376832.0
992,998,Bethany,Canto,bcantorp@skyrock.com,Plymouth,Neon,1996,5102138.0
993,999,Jo ann,Hallex,jhallexrq@cpanel.net,Chevrolet,Suburban 2500,1995,8613891.0
994,1000,Lynda,Rove,lroverr@blinklist.com,Suzuki,Sidekick,1992,4581702.0
995,1001,k,k,k,ki,jki,200,2189.0
